cancellation_row,invoice,available_candidates,selected_original_row,status
141,C536379,0,,unmatched
154,C536383,0,,unmatched
235,C536391,0,,unmatched
236,C536391,0,,unmatched
237,C536391,0,,unmatched
238,C536391,0,,unmatched
239,C536391,0,,unmatched
240,C536391,0,,unmatched
241,C536391,0,,unmatched
939,C536506,0,,unmatched
1441,C536543,0,,unmatched
1442,C536543,0,,unmatched
1973,C536548,0,,unmatched
1974,C536548,0,,unmatched
1975,C536548,0,,unmatched
1976,C536548,0,,unmatched
1977,C536548,0,,unmatched
1978,C536548,0,,unmatched
1979,C536548,0,,unmatched
1980,C536548,0,,unmatched
1981,C536548,0,,unmatched
1982,C536548,0,,unmatched
1983,C536548,0,,unmatched
1984,C536548,0,,unmatched
1985,C536548,0,,unmatched
1986,C536548,0,,unmatched
3170,C536606,0,,unmatched
3338,C536622,0,,unmatched
3410,C536625,0,,unmatched
3693,C536642,0,,unmatched
3911,C536734,0,,unmatched
3912,C536734,0,,unmatched
3919,C536737,0,,unmatched
4287,C536757,0,,unmatched
4288,C536758,0,,unmatched
4306,C536760,0,,unmatched
4307,C536760,0,,unmatched
4836,C536807,0,,unmatched
4837,C536807,0,,unmatched
4853,C536812,0,,unmatched
4854,C536812,0,,unmatched
4855,C536812,0,,unmatched
4856,C536812,0,,unmatched
4857,C536812,0,,unmatched
4858,C536812,0,,unmatched
4876,C536814,0,,unmatched
4877,C536814,0,,unmatched
4878,C536814,0,,unmatched
4879,C536814,0,,unmatched
4880,C536814,0,,unmatched
4881,C536815,0,,unmatched
4882,C536815,0,,unmatched
4883,C536816,0,,unmatched
4884,C536817,0,,unmatched
4885,C536817,0,,unmatched
4886,C536818,0,,unmatched
4904,C536820,0,,unmatched
4905,C536820,0,,unmatched
4906,C536820,0,,unmatched
4907,C536820,0,,unmatched
4931,C536822,0,,unmatched
4932,C536822,0,,unmatched
4937,C536825,0,,unmatched
4938,C536825,0,,unmatched
4939,C536826,0,,unmatched
4940,C536826,0,,unmatched
4941,C536827,0,,unmatched
4942,C536828,0,,unmatched
4943,C536828,0,,unmatched
4944,C536829,0,,unmatched
5232,C536850,0,,unmatched
5233,C536850,0,,unmatched
5234,C536850,0,,unmatched
5235,C536850,0,,unmatched
5236,C536850,0,,unmatched
5259,C536853,0,,unmatched
5260,C536854,0,,unmatched
5261,C536854,0,,unmatched
5262,C536854,0,,unmatched
5263,C536855,0,,unmatched
6781,C536978,0,,unmatched
6782,C536979,1,2083.0,unique_available_candidate
6783,C536979,0,,unmatched
7278,C537024,0,,unmatched
7437,C537039,0,,unmatched
7438,C537039,0,,unmatched
7439,C537039,0,,unmatched
7520,C537043,0,,unmatched
7521,C537043,0,,unmatched
8316,C537132,0,,unmatched
8317,C537132,0,,unmatched
8318,C537132,0,,unmatched
8319,C537132,0,,unmatched
8320,C537132,0,,unmatched
8321,C537132,0,,unmatched
8685,C537143,1,8593.0,unique_available_candidate
8952,C537157,1,8773.0,unique_available_candidate
9038,C537164,0,,unmatched
9493,C537203,1,2449.0,unique_available_candidate
9494,C537203,0,,unmatched
10194,C537232,0,,unmatched
10204,C537234,0,,unmatched
11502,C537251,0,,unmatched
11503,C537251,0,,unmatched
11504,C537251,0,,unmatched
11505,C537251,0,,unmatched
11506,C537251,0,,unmatched
11507,C537251,0,,unmatched
11508,C537251,0,,unmatched
11509,C537251,0,,unmatched
11510,C537251,0,,unmatched
11511,C537251,0,,unmatched
11512,C537251,0,,unmatched
11513,C537251,0,,unmatched
11514,C537251,0,,unmatched
11515,C537251,0,,unmatched
11516,C537251,0,,unmatched
11517,C537251,0,,unmatched
11518,C537251,0,,unmatched
11519,C537251,0,,unmatched
11520,C537251,0,,unmatched
11521,C537251,0,,unmatched
11799,C537314,1,11761.0,unique_available_candidate
11800,C537320,0,,unmatched
11813,C537333,0,,unmatched
12402,C537373,0,,unmatched
12455,C537379,1,12426.0,unique_available_candidate
12538,C537383,0,,unmatched
12539,C537383,0,,unmatched
12540,C537383,0,,unmatched
12823,C537398,2,9286.0,multiple_available_candidates
12946,C537402,1,9782.0,unique_available_candidate
12947,C537402,1,9781.0,unique_available_candidate
12948,C537402,1,9779.0,unique_available_candidate
12949,C537402,1,9780.0,unique_available_candidate
12950,C537402,1,9769.0,unique_available_candidate
12951,C537402,1,9771.0,unique_available_candidate
13009,C537406,0,,unmatched
13010,C537406,0,,unmatched
13011,C537406,0,,unmatched
13012,C537406,0,,unmatched
13019,C537408,1,13013.0,unique_available_candidate
13020,C537408,1,13018.0,unique_available_candidate
13042,C537413,1,13037.0,unique_available_candidate
13052,C537414,0,,unmatched
13053,C537414,0,,unmatched
13054,C537416,0,,unmatched
13055,C537417,0,,unmatched
13265,C537431,0,,unmatched
14022,C537444,0,,unmatched
14023,C537445,0,,unmatched
14332,C537530,0,,unmatched
14333,C537530,0,,unmatched
14334,C537530,0,,unmatched
14435,C537572,0,,unmatched
14436,C537581,0,,unmatched
14437,C537581,0,,unmatched
14497,C537596,1,6770.0,unique_available_candidate
14498,C537597,0,,unmatched
14514,C537600,0,,unmatched
14524,C537602,0,,unmatched
14525,C537602,0,,unmatched
14526,C537602,0,,unmatched
14527,C537602,0,,unmatched
14528,C537602,0,,unmatched
14529,C537602,0,,unmatched
14530,C537602,0,,unmatched
14531,C537602,0,,unmatched
14532,C537602,0,,unmatched
14533,C537602,0,,unmatched
14534,C537602,0,,unmatched
14535,C537602,0,,unmatched
14536,C537602,0,,unmatched
14537,C537602,0,,unmatched
14716,C537610,0,,unmatched
14717,C537611,1,14706.0,unique_available_candidate
14728,C537613,0,,unmatched
15016,C537630,0,,unmatched
16232,C537644,0,,unmatched
16313,C537647,0,,unmatched
16356,C537651,0,,unmatched
16357,C537652,0,,unmatched
16424,C537656,0,,unmatched
17075,C537677,0,,unmatched
17134,C537684,1,3483.0,unique_available_candidate
17135,C537684,0,,unmatched
17352,C537746,0,,unmatched
17353,C537746,0,,unmatched
17354,C537746,0,,unmatched
17388,C537756,0,,unmatched
17389,C537756,0,,unmatched
17390,C537756,0,,unmatched
17453,C537763,0,,unmatched
17986,C537788,0,,unmatched
17987,C537788,0,,unmatched
18132,C537797,0,,unmatched
18133,C537797,0,,unmatched
18134,C537797,0,,unmatched
18135,C537798,0,,unmatched
18196,C537805,0,,unmatched
18197,C537805,0,,unmatched
18198,C537805,0,,unmatched
18199,C537805,0,,unmatched
18200,C537805,0,,unmatched
18201,C537805,0,,unmatched
18202,C537805,0,,unmatched
18203,C537805,0,,unmatched
18204,C537805,0,,unmatched
18232,C537807,0,,unmatched
18233,C537807,0,,unmatched
18234,C537807,0,,unmatched
18235,C537807,1,13102.0,unique_available_candidate
18246,C537812,0,,unmatched
18247,C537812,0,,unmatched
18255,C537814,0,,unmatched
18351,C537820,2,17752.0,multiple_available_candidates
18352,C537821,0,,unmatched
18974,C537824,0,,unmatched
18975,C537824,0,,unmatched
19101,C537832,0,,unmatched
19102,C537832,0,,unmatched
19103,C537832,0,,unmatched
19105,C537834,0,,unmatched
19106,C537834,0,,unmatched
19107,C537834,0,,unmatched
19108,C537835,0,,unmatched
19124,C537838,0,,unmatched
19348,C537853,0,,unmatched
19349,C537853,0,,unmatched
19350,C537853,1,5268.0,unique_available_candidate
19351,C537853,0,,unmatched
19352,C537853,0,,unmatched
19390,C537856,0,,unmatched
19391,C537856,1,3479.0,unique_available_candidate
19392,C537857,0,,unmatched
19430,C537860,0,,unmatched
19431,C537860,0,,unmatched
19432,C537860,0,,unmatched
19433,C537860,0,,unmatched
19434,C537860,0,,unmatched
19435,C537860,0,,unmatched
19436,C537860,0,,unmatched
19437,C537860,0,,unmatched
19438,C537860,0,,unmatched
19439,C537860,0,,unmatched
19440,C537860,0,,unmatched
19441,C537860,0,,unmatched
19442,C537860,0,,unmatched
19443,C537860,0,,unmatched
19444,C537860,0,,unmatched
19445,C537860,0,,unmatched
19446,C537860,0,,unmatched
19447,C537860,0,,unmatched
19448,C537860,0,,unmatched
19449,C537860,0,,unmatched
19450,C537860,0,,unmatched
19802,C537893,0,,unmatched
19803,C537893,0,,unmatched
19804,C537893,0,,unmatched
19994,C537998,0,,unmatched
19995,C537998,0,,unmatched
20438,C538052,0,,unmatched
20507,C538059,0,,unmatched
20508,C538059,0,,unmatched
20509,C538059,0,,unmatched
20510,C538059,0,,unmatched
20511,C538059,0,,unmatched
20512,C538059,0,,unmatched
20513,C538059,0,,unmatched
20514,C538059,0,,unmatched
20515,C538059,0,,unmatched
20516,C538059,0,,unmatched
20517,C538059,0,,unmatched
20518,C538059,0,,unmatched
20519,C538059,0,,unmatched
20520,C538059,0,,unmatched
20523,C538062,0,,unmatched
20524,C538062,0,,unmatched
20525,C538062,0,,unmatched
20526,C538062,0,,unmatched
20527,C538062,0,,unmatched
20576,C538066,0,,unmatched
21350,C538075,0,,unmatched
21465,C538081,0,,unmatched
21466,C538082,0,,unmatched
21467,C538083,0,,unmatched
21468,C538083,0,,unmatched
21469,C538084,0,,unmatched
21470,C538084,0,,unmatched
21471,C538085,0,,unmatched
21472,C538085,0,,unmatched
21473,C538085,0,,unmatched
21516,C538088,0,,unmatched
21517,C538089,0,,unmatched
21519,C538091,0,,unmatched
21623,C538098,0,,unmatched
21624,C538099,0,,unmatched
21625,C538099,0,,unmatched
21626,C538100,0,,unmatched
21628,C538102,0,,unmatched
21629,C538103,0,,unmatched
21656,C538105,0,,unmatched
21657,C538105,1,4296.0,unique_available_candidate
21697,C538109,0,,unmatched
21698,C538109,0,,unmatched
21699,C538110,0,,unmatched
21700,C538111,1,21663.0,unique_available_candidate
21701,C538112,0,,unmatched
21702,C538112,0,,unmatched
21719,C538114,1,18242.0,unique_available_candidate
21720,C538115,0,,unmatched
21721,C538115,0,,unmatched
21722,C538115,0,,unmatched
21723,C538115,0,,unmatched
21745,C538118,0,,unmatched
21746,C538118,0,,unmatched
21747,C538118,0,,unmatched
21748,C538119,0,,unmatched
21749,C538119,0,,unmatched
21750,C538119,0,,unmatched
21753,C538121,0,,unmatched
21754,C538122,0,,unmatched
21755,C538123,0,,unmatched
21756,C538123,0,,unmatched
21757,C538123,0,,unmatched
21758,C538124,0,,unmatched
21759,C538124,0,,unmatched
21760,C538124,0,,unmatched
22344,C538164,0,,unmatched
23241,C538189,0,,unmatched
24135,C538314,0,,unmatched
24158,C538341,2,24136.0,multiple_available_candidates
24159,C538341,1,24132.0,unique_available_candidate
24160,C538341,1,24130.0,unique_available_candidate
24161,C538341,3,24133.0,multiple_available_candidates
24162,C538341,2,24129.0,multiple_available_candidates
24163,C538341,1,24128.0,unique_available_candidate
24164,C538341,2,24139.0,multiple_available_candidates
24165,C538341,2,24140.0,multiple_available_candidates
24166,C538341,1,24127.0,unique_available_candidate
24167,C538341,3,24119.0,multiple_available_candidates
24168,C538341,2,24114.0,multiple_available_candidates
24169,C538341,1,24107.0,unique_available_candidate
24170,C538341,1,24124.0,unique_available_candidate
24171,C538341,1,24121.0,unique_available_candidate
24172,C538341,1,24108.0,unique_available_candidate
24173,C538341,1,24115.0,unique_available_candidate
24174,C538341,2,24123.0,multiple_available_candidates
24175,C538341,2,24120.0,multiple_available_candidates
24176,C538341,1,24113.0,unique_available_candidate
24177,C538341,1,24110.0,unique_available_candidate
24178,C538341,2,24117.0,multiple_available_candidates
24179,C538341,1,24109.0,unique_available_candidate
24180,C538341,1,24111.0,unique_available_candidate
24181,C538341,1,24105.0,unique_available_candidate
24182,C538341,3,24118.0,multiple_available_candidates
24183,C538341,2,24116.0,multiple_available_candidates
24184,C538341,1,24122.0,unique_available_candidate
24185,C538341,1,24106.0,unique_available_candidate
24186,C538341,2,24147.0,multiple_available_candidates
24187,C538341,2,24148.0,multiple_available_candidates
24188,C538341,2,24149.0,multiple_available_candidates
24189,C538341,2,24150.0,multiple_available_candidates
24190,C538341,2,24151.0,multiple_available_candidates
24191,C538341,2,24152.0,multiple_available_candidates
24192,C538341,2,24153.0,multiple_available_candidates
24193,C538341,2,24154.0,multiple_available_candidates
24194,C538341,2,24155.0,multiple_available_candidates
24195,C538341,2,24156.0,multiple_available_candidates
24196,C538341,2,24157.0,multiple_available_candidates
24214,C538344,1,24211.0,unique_available_candidate
24911,C538350,0,,unmatched
24912,C538350,0,,unmatched
24913,C538350,0,,unmatched
24914,C538350,0,,unmatched
24915,C538350,0,,unmatched
24916,C538350,0,,unmatched
24917,C538350,0,,unmatched
24918,C538350,0,,unmatched
24919,C538350,0,,unmatched
24920,C538350,0,,unmatched
24921,C538350,0,,unmatched
24922,C538350,0,,unmatched
24923,C538350,0,,unmatched
24924,C538350,0,,unmatched
24925,C538350,0,,unmatched
24926,C538350,0,,unmatched
24927,C538350,0,,unmatched
24928,C538350,0,,unmatched
24929,C538350,0,,unmatched
24930,C538350,0,,unmatched
24931,C538350,0,,unmatched
24932,C538350,0,,unmatched
24933,C538350,0,,unmatched
24934,C538350,0,,unmatched
24935,C538350,0,,unmatched
24936,C538350,0,,unmatched
25208,C538357,1,25111.0,unique_available_candidate
25243,C538362,0,,unmatched
25551,C538372,0,,unmatched
25552,C538372,0,,unmatched
25553,C538372,0,,unmatched
25554,C538373,1,17079.0,unique_available_candidate
25606,C538375,0,,unmatched
25607,C538376,0,,unmatched
25608,C538376,0,,unmatched
25609,C538377,0,,unmatched
25610,C538377,0,,unmatched
26055,C538463,1,25974.0,unique_available_candidate
26056,C538463,0,,unmatched
26149,C538500,1,26094.0,unique_available_candidate
27329,C538530,0,,unmatched
27380,C538531,0,,unmatched
27389,C538536,2,27381.0,multiple_available_candidates
27993,C538595,0,,unmatched
28147,C538628,0,,unmatched
28148,C538628,0,,unmatched
28306,C538632,0,,unmatched
28560,C538642,0,,unmatched
28561,C538642,0,,unmatched
28562,C538643,0,,unmatched
28563,C538643,0,,unmatched
28601,C538647,0,,unmatched
28602,C538647,0,,unmatched
28605,C538650,0,,unmatched
28606,C538650,0,,unmatched
28607,C538650,1,21353.0,unique_available_candidate
28958,C538670,2,24199.0,multiple_available_candidates
28992,C538680,0,,unmatched
28993,C538681,0,,unmatched
28994,C538682,0,,unmatched
29015,C538684,0,,unmatched
29016,C538684,0,,unmatched
29017,C538684,0,,unmatched
29019,C538686,0,,unmatched
29048,C538690,0,,unmatched
29049,C538690,0,,unmatched
29050,C538691,0,,unmatched
29051,C538692,0,,unmatched
29052,C538692,0,,unmatched
29053,C538693,0,,unmatched
29054,C538693,0,,unmatched
29055,C538693,0,,unmatched
29056,C538694,0,,unmatched
29057,C538695,0,,unmatched
29058,C538696,0,,unmatched
29062,C538698,0,,unmatched
29063,C538699,0,,unmatched
29064,C538700,1,23238.0,unique_available_candidate
29065,C538701,0,,unmatched
29066,C538702,0,,unmatched
29067,C538703,0,,unmatched
29068,C538704,0,,unmatched
29069,C538705,0,,unmatched
29070,C538705,0,,unmatched
29203,C538711,0,,unmatched
29204,C538712,0,,unmatched
29205,C538713,0,,unmatched
29206,C538713,0,,unmatched
29252,C538717,0,,unmatched
29254,C538718,1,13216.0,unique_available_candidate
29256,C538720,1,20127.0,unique_available_candidate
29278,C538723,0,,unmatched
29279,C538723,0,,unmatched
29280,C538723,0,,unmatched
29281,C538725,1,1312.0,unique_available_candidate
29282,C538726,0,,unmatched
29283,C538734,0,,unmatched
29346,C538742,0,,unmatched
29347,C538745,0,,unmatched
29348,C538749,0,,unmatched
29355,C538755,0,,unmatched
29356,C538763,0,,unmatched
29357,C538768,0,,unmatched
29358,C538768,0,,unmatched
29359,C538771,0,,unmatched
29407,C538794,0,,unmatched
29436,C538798,1,29422.0,unique_available_candidate
29523,C538802,0,,unmatched
29524,C538802,0,,unmatched
29525,C538803,0,,unmatched
29526,C538803,0,,unmatched
29527,C538803,0,,unmatched
29528,C538804,0,,unmatched
29529,C538805,1,11920.0,unique_available_candidate
29530,C538806,0,,unmatched
29676,C538813,0,,unmatched
29943,C538833,0,,unmatched
29944,C538833,0,,unmatched
29945,C538833,0,,unmatched
29946,C538833,0,,unmatched
29947,C538833,0,,unmatched
29948,C538834,0,,unmatched
29949,C538834,0,,unmatched
30078,C538847,0,,unmatched
30556,C538874,0,,unmatched
30557,C538874,0,,unmatched
30558,C538874,0,,unmatched
30559,C538874,0,,unmatched
30569,C538876,0,,unmatched
30972,C538882,1,19905.0,unique_available_candidate
30973,C538882,1,19900.0,unique_available_candidate
30974,C538882,1,19899.0,unique_available_candidate
31004,C538887,1,26758.0,unique_available_candidate
31019,C538889,1,19901.0,unique_available_candidate
31074,C538891,0,,unmatched
31075,C538891,1,17989.0,unique_available_candidate
31134,C538897,0,,unmatched
31135,C538897,0,,unmatched
31136,C538898,0,,unmatched
31210,C538904,0,,unmatched
31464,C538971,0,,unmatched
31589,C538997,0,,unmatched
31590,C538997,0,,unmatched
31663,C539003,0,,unmatched
31935,C539031,1,9303.0,unique_available_candidate
31936,C539031,0,,unmatched
31937,C539031,0,,unmatched
31938,C539031,1,9293.0,unique_available_candidate
31939,C539031,0,,unmatched
31940,C539031,0,,unmatched
31964,C539035,0,,unmatched
31982,C539037,0,,unmatched
31983,C539037,0,,unmatched
32368,C539054,0,,unmatched
32369,C539054,0,,unmatched
32370,C539054,0,,unmatched
32371,C539055,0,,unmatched
32373,C539057,0,,unmatched
32374,C539058,0,,unmatched
32375,C539059,0,,unmatched
32382,C539063,1,4092.0,unique_available_candidate
32383,C539063,0,,unmatched
32384,C539065,0,,unmatched
32385,C539066,1,32380.0,unique_available_candidate
32386,C539066,0,,unmatched
32387,C539067,0,,unmatched
32388,C539067,0,,unmatched
32389,C539067,0,,unmatched
32390,C539068,0,,unmatched
32391,C539069,1,2362.0,unique_available_candidate
32392,C539069,0,,unmatched
32397,C539071,0,,unmatched
32398,C539071,0,,unmatched
32399,C539071,0,,unmatched
32400,C539072,0,,unmatched
32401,C539072,0,,unmatched
32402,C539073,0,,unmatched
32574,C539090,0,,unmatched
32630,C539097,0,,unmatched
32660,C539100,0,,unmatched
32695,C539104,0,,unmatched
32722,C539110,0,,unmatched
32751,C539114,0,,unmatched
32869,C539191,0,,unmatched
32870,C539195,1,19997.0,unique_available_candidate
33082,C539221,0,,unmatched
33083,C539221,0,,unmatched
33084,C539221,0,,unmatched
33085,C539221,1,6724.0,unique_available_candidate
33086,C539221,1,6725.0,unique_available_candidate
33105,C539224,0,,unmatched
33254,C539244,1,2421.0,unique_available_candidate
33396,C539251,1,18107.0,unique_available_candidate
33397,C539251,0,,unmatched
33417,C539253,0,,unmatched
33479,C539258,0,,unmatched
33499,C539260,0,,unmatched
33611,C539270,0,,unmatched
33612,C539270,0,,unmatched
33613,C539271,1,28374.0,unique_available_candidate
33618,C539273,0,,unmatched
33619,C539273,0,,unmatched
33620,C539274,0,,unmatched
33627,C539276,0,,unmatched
33628,C539276,0,,unmatched
33629,C539277,0,,unmatched
33630,C539278,1,18276.0,unique_available_candidate
33635,C539279,1,29415.0,unique_available_candidate
33685,C539284,2,33669.0,multiple_available_candidates
33699,C539287,1,19508.0,unique_available_candidate
33700,C539287,1,19509.0,unique_available_candidate
33702,C539289,0,,unmatched
33749,C539291,0,,unmatched
33750,C539291,0,,unmatched
33862,C539301,0,,unmatched
33863,C539302,0,,unmatched
34291,C539329,1,32721.0,unique_available_candidate
34292,C539329,1,32720.0,unique_available_candidate
34510,C539402,0,,unmatched
34511,C539402,0,,unmatched
34512,C539402,0,,unmatched
34591,C539409,0,,unmatched
36165,C539438,1,32484.0,unique_available_candidate
36300,C539448,0,,unmatched
36301,C539448,1,33395.0,unique_available_candidate
37469,C539467,0,,unmatched
37470,C539467,0,,unmatched
37471,C539467,0,,unmatched
37738,C539476,0,,unmatched
37878,C539486,0,,unmatched
37879,C539486,0,,unmatched
37880,C539486,0,,unmatched
37881,C539486,0,,unmatched
38312,C539499,0,,unmatched
38413,C539565,0,,unmatched
38414,C539565,0,,unmatched
38415,C539566,0,,unmatched
38417,C539568,1,29417.0,unique_available_candidate
38418,C539569,0,,unmatched
38419,C539569,0,,unmatched
38420,C539569,0,,unmatched
38438,C539573,0,,unmatched
38439,C539574,1,18047.0,unique_available_candidate
38440,C539574,0,,unmatched
38441,C539575,0,,unmatched
38442,C539575,0,,unmatched
38443,C539575,0,,unmatched
38444,C539576,1,34120.0,unique_available_candidate
38445,C539576,1,34121.0,unique_available_candidate
38446,C539576,1,34104.0,unique_available_candidate
38447,C539576,1,34107.0,unique_available_candidate
38448,C539576,1,34106.0,unique_available_candidate
38449,C539576,1,34105.0,unique_available_candidate
38450,C539576,1,34116.0,unique_available_candidate
38451,C539576,1,34119.0,unique_available_candidate
38452,C539576,1,34114.0,unique_available_candidate
38453,C539576,1,34115.0,unique_available_candidate
38454,C539576,1,34117.0,unique_available_candidate
38455,C539576,1,34108.0,unique_available_candidate
38456,C539576,1,34113.0,unique_available_candidate
38457,C539576,1,34118.0,unique_available_candidate
38458,C539576,1,34111.0,unique_available_candidate
38459,C539576,1,34112.0,unique_available_candidate
38460,C539576,1,34110.0,unique_available_candidate
38461,C539576,1,34109.0,unique_available_candidate
38462,C539577,0,,unmatched
38609,C539589,0,,unmatched
38932,C539596,0,,unmatched
38935,C539598,0,,unmatched
38936,C539598,0,,unmatched
38937,C539599,0,,unmatched
38938,C539600,0,,unmatched
38939,C539601,0,,unmatched
38940,C539602,1,19973.0,unique_available_candidate
38941,C539602,0,,unmatched
38942,C539602,0,,unmatched
38943,C539602,0,,unmatched
38944,C539602,1,19964.0,unique_available_candidate
38945,C539603,0,,unmatched
38946,C539603,0,,unmatched
38947,C539603,0,,unmatched
38949,C539605,0,,unmatched
38950,C539605,0,,unmatched
38951,C539606,0,,unmatched
38952,C539606,0,,unmatched
38953,C539606,0,,unmatched
39001,C539608,0,,unmatched
39002,C539608,0,,unmatched
39318,C539632,1,31381.0,unique_available_candidate
39319,C539632,1,31382.0,unique_available_candidate
39380,C539640,1,30326.0,unique_available_candidate
39381,C539640,0,,unmatched
39382,C539640,0,,unmatched
39383,C539640,0,,unmatched
39436,C539644,0,,unmatched
39437,C539644,0,,unmatched
39438,C539644,0,,unmatched
39439,C539644,0,,unmatched
39440,C539644,0,,unmatched
39441,C539644,0,,unmatched
39442,C539644,0,,unmatched
39443,C539644,0,,unmatched
39444,C539644,0,,unmatched
39445,C539644,0,,unmatched
39446,C539644,0,,unmatched
39447,C539644,0,,unmatched
39448,C539644,0,,unmatched
39449,C539644,0,,unmatched
39450,C539644,0,,unmatched
39636,C539655,1,31922.0,unique_available_candidate
39638,C539657,1,31862.0,unique_available_candidate
39639,C539657,0,,unmatched
39640,C539657,0,,unmatched
39700,C539661,0,,unmatched
39753,C539667,0,,unmatched
39754,C539667,0,,unmatched
39755,C539667,0,,unmatched
39756,C539667,0,,unmatched
39757,C539667,0,,unmatched
39758,C539667,0,,unmatched
39778,C539707,0,,unmatched
39898,C539709,0,,unmatched
39899,C539709,0,,unmatched
39900,C539709,1,33661.0,unique_available_candidate
39901,C539710,0,,unmatched
39902,C539710,0,,unmatched
39903,C539711,0,,unmatched
39904,C539711,1,38634.0,unique_available_candidate
39905,C539712,0,,unmatched
40054,C539719,0,,unmatched
40055,C539719,0,,unmatched
40056,C539719,0,,unmatched
40119,C539726,0,,unmatched
41187,C539756,0,,unmatched
41326,C539827,0,,unmatched
41332,C539830,0,,unmatched
41349,C539832,0,,unmatched
41404,C539838,0,,unmatched
41509,C539857,0,,unmatched
41522,C539866,0,,unmatched
41523,C539866,0,,unmatched
41524,C539866,0,,unmatched
41603,C539943,0,,unmatched
41604,C539943,0,,unmatched
41605,C539944,0,,unmatched
41606,C539945,0,,unmatched
41607,C539945,0,,unmatched
41608,C539945,0,,unmatched
41609,C539945,0,,unmatched
41619,C539947,1,34289.0,unique_available_candidate
41620,C539948,0,,unmatched
41621,C539949,0,,unmatched
41622,C539950,0,,unmatched
41623,C539950,1,33600.0,unique_available_candidate
41624,C539950,0,,unmatched
41696,C539956,0,,unmatched
42331,C539983,0,,unmatched
42557,C540006,1,17510.0,unique_available_candidate
42558,C540006,0,,unmatched
42559,C540006,1,41342.0,unique_available_candidate
42560,C540007,1,33123.0,unique_available_candidate
42561,C540007,0,,unmatched
43331,C540030,1,39750.0,unique_available_candidate
43448,C540057,0,,unmatched
43559,C540097,1,31227.0,unique_available_candidate
43560,C540097,2,31229.0,multiple_available_candidates
43561,C540097,2,31231.0,multiple_available_candidates
43562,C540097,2,31228.0,multiple_available_candidates
43563,C540097,2,31230.0,multiple_available_candidates
43663,C540109,0,,unmatched
43664,C540112,1,17424.0,unique_available_candidate
43702,C540117,0,,unmatched
43703,C540118,0,,unmatched
43779,C540129,0,,unmatched
43780,C540142,0,,unmatched
43781,C540142,0,,unmatched
43782,C540142,0,,unmatched
43783,C540142,1,34405.0,unique_available_candidate
43856,C540151,0,,unmatched
43857,C540152,0,,unmatched
44152,C540155,0,,unmatched
44153,C540156,0,,unmatched
44205,C540158,0,,unmatched
44206,C540158,0,,unmatched
44207,C540158,0,,unmatched
44208,C540158,0,,unmatched
44209,C540158,0,,unmatched
44210,C540158,0,,unmatched
44211,C540158,0,,unmatched
44212,C540158,0,,unmatched
44294,C540164,0,,unmatched
44295,C540164,0,,unmatched
44296,C540164,0,,unmatched
44297,C540164,0,,unmatched
44298,C540164,0,,unmatched
44299,C540164,0,,unmatched
44300,C540164,0,,unmatched
44301,C540164,2,40076.0,multiple_available_candidates
44302,C540164,5,42332.0,multiple_available_candidates
44303,C540164,0,,unmatched
44304,C540164,0,,unmatched
44305,C540164,0,,unmatched
44306,C540164,0,,unmatched
44307,C540164,0,,unmatched
44308,C540164,1,6684.0,unique_available_candidate
44309,C540165,0,,unmatched
44310,C540165,0,,unmatched
44311,C540165,1,7582.0,unique_available_candidate
44405,C540171,0,,unmatched
44495,C540177,0,,unmatched
44893,C540243,0,,unmatched
44894,C540243,0,,unmatched
44895,C540243,0,,unmatched
44896,C540243,0,,unmatched
44897,C540243,0,,unmatched
44898,C540243,0,,unmatched
44899,C540243,0,,unmatched
44900,C540243,0,,unmatched
44901,C540243,0,,unmatched
44902,C540244,0,,unmatched
44903,C540244,0,,unmatched
44911,C540246,0,,unmatched
44912,C540246,0,,unmatched
44913,C540246,0,,unmatched
44914,C540246,0,,unmatched
44915,C540246,0,,unmatched
44916,C540246,0,,unmatched
44917,C540246,0,,unmatched
44918,C540246,0,,unmatched
44919,C540246,0,,unmatched
44920,C540246,0,,unmatched
44921,C540246,0,,unmatched
44922,C540246,0,,unmatched
44923,C540246,0,,unmatched
44924,C540246,0,,unmatched
44925,C540246,0,,unmatched
45141,C540250,0,,unmatched
45142,C540250,0,,unmatched
45143,C540250,0,,unmatched
45144,C540250,0,,unmatched
45145,C540250,0,,unmatched
45146,C540250,0,,unmatched
45147,C540250,0,,unmatched
45148,C540250,0,,unmatched
45509,C540266,0,,unmatched
45510,C540266,0,,unmatched
45618,C540270,0,,unmatched
45619,C540270,0,,unmatched
45620,C540270,0,,unmatched
45621,C540270,0,,unmatched
45622,C540271,0,,unmatched
45900,C540307,0,,unmatched
45901,C540307,0,,unmatched
45902,C540307,0,,unmatched
45903,C540307,0,,unmatched
45904,C540307,0,,unmatched
45905,C540307,0,,unmatched
45906,C540307,0,,unmatched
45907,C540307,0,,unmatched
45908,C540307,0,,unmatched
45909,C540307,0,,unmatched
45910,C540307,0,,unmatched
45911,C540307,0,,unmatched
45912,C540307,0,,unmatched
45913,C540307,0,,unmatched
45914,C540307,0,,unmatched
45915,C540307,0,,unmatched
45954,C540346,0,,unmatched
45983,C540347,0,,unmatched
46770,C540360,1,46759.0,unique_available_candidate
46771,C540360,1,46747.0,unique_available_candidate
46881,C540366,1,4499.0,unique_available_candidate
46882,C540367,1,46880.0,unique_available_candidate
47122,C540376,0,,unmatched
47123,C540377,2,42514.0,multiple_available_candidates
47124,C540377,0,,unmatched
47125,C540378,1,44343.0,unique_available_candidate
47126,C540379,0,,unmatched
47127,C540380,0,,unmatched
47128,C540380,0,,unmatched
47129,C540381,0,,unmatched
47130,C540382,0,,unmatched
47131,C540382,0,,unmatched
47138,C540384,0,,unmatched
47139,C540384,0,,unmatched
47140,C540384,0,,unmatched
47141,C540385,0,,unmatched
47142,C540386,0,,unmatched
47143,C540386,0,,unmatched
47144,C540386,0,,unmatched
47158,C540388,0,,unmatched
47159,C540389,0,,unmatched
47160,C540390,0,,unmatched
47161,C540390,0,,unmatched
47162,C540391,0,,unmatched
47163,C540392,0,,unmatched
47164,C540392,0,,unmatched
47165,C540392,1,25777.0,unique_available_candidate
47166,C540392,0,,unmatched
47167,C540393,0,,unmatched
47168,C540393,0,,unmatched
47169,C540393,0,,unmatched
47170,C540393,0,,unmatched
47171,C540393,0,,unmatched
47172,C540394,0,,unmatched
47240,C540398,0,,unmatched
47242,C540400,1,5075.0,unique_available_candidate
47243,C540400,0,,unmatched
47244,C540400,0,,unmatched
47245,C540400,0,,unmatched
47274,C540403,0,,unmatched
47470,C540417,1,45663.0,unique_available_candidate
47471,C540417,1,45662.0,unique_available_candidate
47472,C540417,1,45656.0,unique_available_candidate
47473,C540417,1,45647.0,unique_available_candidate
47474,C540417,1,45660.0,unique_available_candidate
47475,C540417,1,45654.0,unique_available_candidate
47476,C540417,1,45655.0,unique_available_candidate
47477,C540417,1,45661.0,unique_available_candidate
47478,C540417,1,45665.0,unique_available_candidate
47479,C540417,1,45646.0,unique_available_candidate
47480,C540417,1,45652.0,unique_available_candidate
47481,C540417,1,45651.0,unique_available_candidate
47482,C540417,1,45664.0,unique_available_candidate
47483,C540417,1,45653.0,unique_available_candidate
47484,C540417,1,45648.0,unique_available_candidate
47485,C540417,1,45650.0,unique_available_candidate
47486,C540417,1,45649.0,unique_available_candidate
47487,C540417,1,45666.0,unique_available_candidate
47488,C540417,1,45659.0,unique_available_candidate
47489,C540417,1,45658.0,unique_available_candidate
47490,C540417,1,45657.0,unique_available_candidate
48636,C540470,0,,unmatched
49130,C540503,0,,unmatched
49131,C540503,0,,unmatched
49132,C540503,0,,unmatched
49711,C540527,2,39029.0,multiple_available_candidates
49712,C540527,3,49683.0,multiple_available_candidates
49847,C540535,0,,unmatched
49848,C540535,0,,unmatched
49849,C540535,0,,unmatched
49850,C540535,0,,unmatched
49851,C540535,0,,unmatched
49852,C540535,0,,unmatched
49853,C540535,0,,unmatched
49854,C540535,0,,unmatched
49855,C540535,0,,unmatched
49856,C540535,0,,unmatched
49857,C540535,0,,unmatched
49858,C540535,0,,unmatched
49859,C540535,0,,unmatched
49860,C540535,0,,unmatched
50789,C540555,0,,unmatched
50790,C540555,0,,unmatched
50807,C540559,0,,unmatched
51024,C540634,0,,unmatched
51025,C540634,0,,unmatched
51026,C540634,0,,unmatched
51157,C540643,0,,unmatched
51674,C540652,1,51636.0,unique_available_candidate
52397,C540780,0,,unmatched
52398,C540780,0,,unmatched
52399,C540780,1,45947.0,unique_available_candidate
52400,C540780,0,,unmatched
52401,C540781,0,,unmatched
52402,C540781,0,,unmatched
52403,C540781,0,,unmatched
52404,C540781,0,,unmatched
52405,C540781,0,,unmatched
52406,C540781,0,,unmatched
52415,C540783,1,31171.0,unique_available_candidate
52420,C540784,1,43681.0,unique_available_candidate
52421,C540786,0,,unmatched
52422,C540786,0,,unmatched
52423,C540786,0,,unmatched
52424,C540786,0,,unmatched
52425,C540787,0,,unmatched
52426,C540787,0,,unmatched
52427,C540788,0,,unmatched
52428,C540788,0,,unmatched
52429,C540788,0,,unmatched
52432,C540790,0,,unmatched
52433,C540791,0,,unmatched
52434,C540792,0,,unmatched
52435,C540793,0,,unmatched
52436,C540793,0,,unmatched
52459,C540796,0,,unmatched
52708,C540814,0,,unmatched
52774,C540820,2,52753.0,multiple_available_candidates
53470,C540837,0,,unmatched
53471,C540837,0,,unmatched
53472,C540837,0,,unmatched
53473,C540837,0,,unmatched
53474,C540837,0,,unmatched
53475,C540837,0,,unmatched
53476,C540837,0,,unmatched
53477,C540837,0,,unmatched
53478,C540837,0,,unmatched
53479,C540837,0,,unmatched
53567,C540841,0,,unmatched
53568,C540841,0,,unmatched
53570,C540843,1,53569.0,unique_available_candidate
53575,C540845,0,,unmatched
53576,C540846,1,49079.0,unique_available_candidate
53577,C540846,1,49109.0,unique_available_candidate
53578,C540846,0,,unmatched
53579,C540847,0,,unmatched
53580,C540847,0,,unmatched
54070,C540850,0,,unmatched
54078,C540852,1,33986.0,unique_available_candidate
54079,C540853,0,,unmatched
54080,C540854,0,,unmatched
54190,C540860,0,,unmatched
54191,C540860,0,,unmatched
54212,C540895,0,,unmatched
54322,C540937,0,,unmatched
54323,C540937,0,,unmatched
54324,C540937,0,,unmatched
54327,C540938,0,,unmatched
54341,C540942,0,,unmatched
54342,C540942,0,,unmatched
54343,C540942,0,,unmatched
54378,C540944,0,,unmatched
54407,C540948,0,,unmatched
54408,C540948,0,,unmatched
54409,C540948,0,,unmatched
54410,C540948,0,,unmatched
54411,C540949,0,,unmatched
54412,C540949,0,,unmatched
54413,C540950,0,,unmatched
54425,C540952,0,,unmatched
55924,C541007,0,,unmatched
55930,C541009,0,,unmatched
55931,C541009,0,,unmatched
55932,C541009,0,,unmatched
55933,C541009,0,,unmatched
56194,C541089,0,,unmatched
56195,C541090,0,,unmatched
56196,C541090,0,,unmatched
56212,C541092,0,,unmatched
56833,C541117,0,,unmatched
57312,C541201,1,46914.0,unique_available_candidate
58218,C541222,0,,unmatched
58329,C541229,0,,unmatched
58330,C541231,0,,unmatched
58331,C541231,0,,unmatched
58332,C541231,0,,unmatched
58333,C541231,1,18156.0,unique_available_candidate
58334,C541231,0,,unmatched
58335,C541231,0,,unmatched
58336,C541232,0,,unmatched
58337,C541232,0,,unmatched
58338,C541233,0,,unmatched
58339,C541233,0,,unmatched
58340,C541234,0,,unmatched
58341,C541234,0,,unmatched
58342,C541235,0,,unmatched
58344,C541237,0,,unmatched
58496,C541245,0,,unmatched
58588,C541254,1,54363.0,unique_available_candidate
58630,C541257,0,,unmatched
58719,C541261,1,58687.0,unique_available_candidate
59410,C541284,0,,unmatched
59910,C541415,0,,unmatched
59911,C541415,0,,unmatched
59912,C541415,0,,unmatched
59955,C541416,1,41339.0,unique_available_candidate
59956,C541418,0,,unmatched
61624,C541433,1,61619.0,unique_available_candidate
61953,C541492,0,,unmatched
61954,C541492,0,,unmatched
61955,C541492,0,,unmatched
61956,C541492,0,,unmatched
61957,C541492,0,,unmatched
61958,C541492,0,,unmatched
61959,C541492,0,,unmatched
61960,C541492,0,,unmatched
62460,C541498,0,,unmatched
62461,C541499,0,,unmatched
62462,C541499,0,,unmatched
62463,C541499,0,,unmatched
62478,C541501,0,,unmatched
62479,C541502,0,,unmatched
62480,C541503,0,,unmatched
62712,C541512,1,62700.0,unique_available_candidate
63495,C541572,1,55271.0,unique_available_candidate
63496,C541572,1,55272.0,unique_available_candidate
63497,C541573,1,30327.0,unique_available_candidate
63624,C541586,0,,unmatched
63670,C541589,0,,unmatched
64353,C541603,0,,unmatched
64523,C541641,0,,unmatched
64524,C541641,1,2051.0,unique_available_candidate
64569,C541650,0,,unmatched
64570,C541651,0,,unmatched
64573,C541653,0,,unmatched
64574,C541654,0,,unmatched
64606,C541656,1,34524.0,unique_available_candidate
64607,C541656,0,,unmatched
64608,C541656,0,,unmatched
64804,C541674,0,,unmatched
65078,C541688,0,,unmatched
65079,C541689,0,,unmatched
65083,C541691,0,,unmatched
65093,C541693,0,,unmatched
65094,C541693,0,,unmatched
65095,C541693,0,,unmatched
65096,C541693,0,,unmatched
65097,C541693,0,,unmatched
65098,C541693,0,,unmatched
65099,C541694,0,,unmatched
65100,C541694,0,,unmatched
65101,C541694,0,,unmatched
65940,C541701,0,,unmatched
65941,C541701,0,,unmatched
65942,C541701,0,,unmatched
65956,C541704,1,55402.0,unique_available_candidate
65957,C541705,0,,unmatched
65963,C541707,1,59238.0,unique_available_candidate
65964,C541707,0,,unmatched
65965,C541707,0,,unmatched
65966,C541707,0,,unmatched
65995,C541710,0,,unmatched
65996,C541710,0,,unmatched
65997,C541710,1,52192.0,unique_available_candidate
65998,C541710,1,52203.0,unique_available_candidate
65999,C541710,1,52200.0,unique_available_candidate
66000,C541710,1,52211.0,unique_available_candidate
66001,C541710,0,,unmatched
66002,C541710,1,52191.0,unique_available_candidate
66003,C541710,0,,unmatched
66004,C541710,0,,unmatched
66005,C541710,1,52199.0,unique_available_candidate
66146,C541735,1,59094.0,unique_available_candidate
66147,C541735,1,59072.0,unique_available_candidate
66148,C541735,0,,unmatched
66149,C541735,0,,unmatched
66150,C541735,0,,unmatched
66151,C541735,0,,unmatched
66158,C541779,0,,unmatched
66159,C541779,1,53234.0,unique_available_candidate
66160,C541779,2,53224.0,multiple_available_candidates
66252,C541786,0,,unmatched
66253,C541787,0,,unmatched
66367,C541790,1,57353.0,unique_available_candidate
66368,C541790,1,57352.0,unique_available_candidate
66369,C541790,1,57351.0,unique_available_candidate
66822,C541817,0,,unmatched
66823,C541818,0,,unmatched
66824,C541821,1,51718.0,unique_available_candidate
66825,C541821,0,,unmatched
66826,C541821,0,,unmatched
66827,C541821,0,,unmatched
66828,C541821,0,,unmatched
66829,C541822,0,,unmatched
66830,C541822,0,,unmatched
66831,C541822,0,,unmatched
66832,C541822,0,,unmatched
66833,C541823,0,,unmatched
66834,C541824,0,,unmatched
66835,C541825,0,,unmatched
66836,C541825,0,,unmatched
66837,C541825,0,,unmatched
66838,C541826,0,,unmatched
66839,C541826,0,,unmatched
66840,C541826,0,,unmatched
67270,C541828,0,,unmatched
67271,C541828,0,,unmatched
67272,C541829,1,57338.0,unique_available_candidate
67273,C541829,0,,unmatched
67492,C541831,0,,unmatched
67505,C541833,0,,unmatched
67506,C541834,0,,unmatched
68072,C541852,3,58555.0,multiple_available_candidates
68325,C541861,0,,unmatched
68350,C541863,0,,unmatched
68351,C541863,0,,unmatched
68352,C541863,0,,unmatched
68353,C541863,0,,unmatched
68354,C541863,0,,unmatched
68355,C541863,0,,unmatched
68356,C541863,0,,unmatched
68357,C541863,0,,unmatched
68358,C541863,0,,unmatched
68359,C541863,0,,unmatched
68360,C541863,0,,unmatched
68361,C541863,0,,unmatched
68362,C541863,0,,unmatched
68363,C541863,0,,unmatched
68364,C541863,0,,unmatched
68365,C541863,0,,unmatched
68366,C541863,0,,unmatched
68418,C541868,0,,unmatched
68419,C541868,1,17235.0,unique_available_candidate
68420,C541868,0,,unmatched
68421,C541868,0,,unmatched
68422,C541868,1,27371.0,unique_available_candidate
68947,C541885,0,,unmatched
68975,C541897,1,68948.0,unique_available_candidate
69126,C541959,0,,unmatched
69140,C541961,1,66778.0,unique_available_candidate
69141,C541961,1,66777.0,unique_available_candidate
69153,C541964,0,,unmatched
69987,C541994,0,,unmatched
70397,C542032,0,,unmatched
70398,C542038,0,,unmatched
70464,C542060,0,,unmatched
70465,C542060,0,,unmatched
70466,C542060,0,,unmatched
70467,C542060,0,,unmatched
70468,C542060,0,,unmatched
70469,C542060,0,,unmatched
70470,C542060,0,,unmatched
70482,C542078,0,,unmatched
70483,C542078,0,,unmatched
70542,C542082,0,,unmatched
70604,C542086,0,,unmatched
70628,C542088,1,57250.0,unique_available_candidate
70650,C542089,0,,unmatched
70651,C542089,0,,unmatched
70652,C542091,0,,unmatched
70653,C542091,0,,unmatched
70654,C542091,0,,unmatched
70655,C542092,0,,unmatched
70656,C542092,0,,unmatched
70657,C542092,0,,unmatched
70658,C542092,0,,unmatched
70659,C542092,0,,unmatched
70660,C542092,0,,unmatched
70677,C542094,1,63686.0,unique_available_candidate
70678,C542094,0,,unmatched
70679,C542095,0,,unmatched
70704,C542097,0,,unmatched
70755,C542101,0,,unmatched
70756,C542101,0,,unmatched
70757,C542101,0,,unmatched
70866,C542104,0,,unmatched
70867,C542104,0,,unmatched
71506,C542138,1,45639.0,unique_available_candidate
71507,C542138,2,55803.0,multiple_available_candidates
71508,C542138,1,45636.0,unique_available_candidate
71509,C542138,1,45637.0,unique_available_candidate
71510,C542138,1,45629.0,unique_available_candidate
71511,C542138,1,45630.0,unique_available_candidate
71512,C542138,1,45634.0,unique_available_candidate
71513,C542138,1,45631.0,unique_available_candidate
71514,C542138,1,45627.0,unique_available_candidate
71515,C542138,1,45633.0,unique_available_candidate
71516,C542138,1,45632.0,unique_available_candidate
71517,C542138,1,45635.0,unique_available_candidate
71518,C542138,1,45626.0,unique_available_candidate
71519,C542138,1,45625.0,unique_available_candidate
71520,C542138,1,45624.0,unique_available_candidate
71521,C542138,1,45628.0,unique_available_candidate
71522,C542138,1,45638.0,unique_available_candidate
71523,C542139,0,,unmatched
71524,C542140,1,47275.0,unique_available_candidate
71607,C542150,0,,unmatched
71608,C542150,0,,unmatched
71609,C542150,0,,unmatched
71610,C542150,0,,unmatched
71611,C542150,0,,unmatched
71942,C542218,0,,unmatched
71943,C542218,0,,unmatched
71944,C542218,0,,unmatched
72185,C542232,1,72118.0,unique_available_candidate
72413,C542244,0,,unmatched
72414,C542245,0,,unmatched
72415,C542245,0,,unmatched
72416,C542245,0,,unmatched
72417,C542245,0,,unmatched
72418,C542245,0,,unmatched
72419,C542245,0,,unmatched
72420,C542245,0,,unmatched
72421,C542245,0,,unmatched
72726,C542256,1,63355.0,unique_available_candidate
72727,C542256,0,,unmatched
72728,C542256,0,,unmatched
72729,C542256,0,,unmatched
72730,C542257,1,71166.0,unique_available_candidate
72751,C542259,0,,unmatched
72752,C542260,0,,unmatched
72753,C542261,0,,unmatched
72754,C542261,0,,unmatched
72755,C542262,1,16289.0,unique_available_candidate
72756,C542263,0,,unmatched
72757,C542264,0,,unmatched
72758,C542264,0,,unmatched
72880,C542270,0,,unmatched
72881,C542271,0,,unmatched
72882,C542271,0,,unmatched
72883,C542271,0,,unmatched
72925,C542273,0,,unmatched
72926,C542273,0,,unmatched
72927,C542273,0,,unmatched
72928,C542273,0,,unmatched
72929,C542273,0,,unmatched
73414,C542346,0,,unmatched
73415,C542346,0,,unmatched
73416,C542346,0,,unmatched
73417,C542346,0,,unmatched
73418,C542346,0,,unmatched
73419,C542346,0,,unmatched
73420,C542346,0,,unmatched
73421,C542346,0,,unmatched
73446,C542348,0,,unmatched
73467,C542352,0,,unmatched
73594,C542366,0,,unmatched
73595,C542366,0,,unmatched
73596,C542366,0,,unmatched
73597,C542366,0,,unmatched
73598,C542366,0,,unmatched
73599,C542366,0,,unmatched
73600,C542366,0,,unmatched
73601,C542366,0,,unmatched
73602,C542366,0,,unmatched
73603,C542366,0,,unmatched
73741,C542376,0,,unmatched
73742,C542376,0,,unmatched
73784,C542383,0,,unmatched
73797,C542385,0,,unmatched
73798,C542385,0,,unmatched
73936,C542395,0,,unmatched
74088,C542400,0,,unmatched
74139,C542402,0,,unmatched
74140,C542402,0,,unmatched
74141,C542402,0,,unmatched
74142,C542402,0,,unmatched
74143,C542402,0,,unmatched
74144,C542403,1,71615.0,unique_available_candidate
74145,C542403,0,,unmatched
74146,C542404,0,,unmatched
74147,C542404,0,,unmatched
74148,C542404,0,,unmatched
74268,C542413,0,,unmatched
74269,C542413,0,,unmatched
74270,C542413,0,,unmatched
74271,C542413,0,,unmatched
74272,C542413,0,,unmatched
74273,C542413,0,,unmatched
74274,C542413,0,,unmatched
74275,C542413,0,,unmatched
74276,C542413,0,,unmatched
74277,C542413,0,,unmatched
74278,C542413,0,,unmatched
74279,C542413,0,,unmatched
74280,C542413,0,,unmatched
74281,C542413,0,,unmatched
74282,C542413,0,,unmatched
74285,C542416,0,,unmatched
74286,C542416,0,,unmatched
74367,C542421,0,,unmatched
74411,C542424,0,,unmatched
74412,C542424,0,,unmatched
74413,C542424,0,,unmatched
74414,C542424,0,,unmatched
74415,C542424,0,,unmatched
74427,C542426,1,36211.0,unique_available_candidate
74428,C542426,1,36210.0,unique_available_candidate
74429,C542426,1,36239.0,unique_available_candidate
74430,C542426,1,36241.0,unique_available_candidate
74431,C542426,1,36242.0,unique_available_candidate
74432,C542426,1,36231.0,unique_available_candidate
74433,C542426,1,36234.0,unique_available_candidate
74434,C542426,1,36235.0,unique_available_candidate
74435,C542426,1,36232.0,unique_available_candidate
74436,C542426,1,36233.0,unique_available_candidate
74437,C542426,1,36223.0,unique_available_candidate
74438,C542426,1,36244.0,unique_available_candidate
74439,C542426,1,36243.0,unique_available_candidate
74440,C542426,1,36220.0,unique_available_candidate
74441,C542426,1,36213.0,unique_available_candidate
74442,C542426,1,36214.0,unique_available_candidate
74443,C542426,1,36227.0,unique_available_candidate
74444,C542426,1,36225.0,unique_available_candidate
74445,C542426,1,36226.0,unique_available_candidate
74446,C542426,1,36229.0,unique_available_candidate
74447,C542426,1,36219.0,unique_available_candidate
74448,C542426,1,36230.0,unique_available_candidate
74449,C542426,1,36212.0,unique_available_candidate
74450,C542426,1,36236.0,unique_available_candidate
74451,C542426,1,36238.0,unique_available_candidate
74452,C542426,1,36240.0,unique_available_candidate
74453,C542426,1,36224.0,unique_available_candidate
74454,C542426,1,36228.0,unique_available_candidate
74455,C542426,1,36216.0,unique_available_candidate
74456,C542426,1,36215.0,unique_available_candidate
74457,C542426,1,36221.0,unique_available_candidate
74458,C542426,1,36222.0,unique_available_candidate
74459,C542426,1,36237.0,unique_available_candidate
74460,C542426,1,36218.0,unique_available_candidate
74461,C542426,1,36217.0,unique_available_candidate
74462,C542427,0,,unmatched
74990,C542537,0,,unmatched
74991,C542537,0,,unmatched
74992,C542537,0,,unmatched
74993,C542537,0,,unmatched
74994,C542537,0,,unmatched
74995,C542537,0,,unmatched
74996,C542537,1,47928.0,unique_available_candidate
74997,C542537,0,,unmatched
74998,C542537,0,,unmatched
74999,C542537,0,,unmatched
75000,C542537,0,,unmatched
75001,C542539,1,51037.0,unique_available_candidate
75002,C542539,0,,unmatched
75003,C542540,0,,unmatched
75004,C542540,0,,unmatched
75005,C542540,0,,unmatched
75380,C542588,0,,unmatched
75381,C542588,0,,unmatched
75382,C542588,0,,unmatched
75383,C542589,0,,unmatched
75395,C542593,1,74056.0,unique_available_candidate
75597,C542604,0,,unmatched
75598,C542604,0,,unmatched
75599,C542604,0,,unmatched
75600,C542604,0,,unmatched
75601,C542604,0,,unmatched
75602,C542604,0,,unmatched
75603,C542604,0,,unmatched
75604,C542604,1,23969.0,unique_available_candidate
76675,C542635,0,,unmatched
76676,C542635,0,,unmatched
76679,C542637,1,61578.0,unique_available_candidate
76680,C542638,1,69226.0,unique_available_candidate
76681,C542639,0,,unmatched
76682,C542640,0,,unmatched
76688,C542642,2,73796.0,multiple_available_candidates
76689,C542642,0,,unmatched
76690,C542642,1,73791.0,unique_available_candidate
76691,C542643,1,69894.0,unique_available_candidate
76692,C542644,0,,unmatched
76693,C542645,1,63619.0,unique_available_candidate
77073,C542693,0,,unmatched
77075,C542704,0,,unmatched
77211,C542714,0,,unmatched
77376,C542721,1,76036.0,unique_available_candidate
77377,C542721,0,,unmatched
77408,C542726,1,77406.0,unique_available_candidate
77409,C542726,1,77407.0,unique_available_candidate
77479,C542730,0,,unmatched
77480,C542730,0,,unmatched
77481,C542730,0,,unmatched
77482,C542732,1,63617.0,unique_available_candidate
77527,C542734,0,,unmatched
77528,C542734,0,,unmatched
77565,C542738,1,71537.0,unique_available_candidate
77569,C542740,0,,unmatched
77570,C542740,0,,unmatched
77571,C542740,0,,unmatched
77596,C542742,1,72815.0,unique_available_candidate
77597,C542742,1,72826.0,unique_available_candidate
77598,C542742,0,,unmatched
77599,C542744,0,,unmatched
77600,C542744,1,77594.0,unique_available_candidate
77625,C542748,1,77619.0,unique_available_candidate
77626,C542753,1,77616.0,unique_available_candidate
77741,C542781,1,73735.0,unique_available_candidate
77742,C542781,0,,unmatched
77790,C542787,0,,unmatched
77791,C542787,0,,unmatched
77792,C542787,0,,unmatched
77923,C542792,0,,unmatched
77924,C542792,0,,unmatched
77925,C542792,0,,unmatched
77926,C542792,0,,unmatched
77927,C542792,0,,unmatched
77928,C542793,1,38436.0,unique_available_candidate
77929,C542793,0,,unmatched
78080,C542798,0,,unmatched
78081,C542798,0,,unmatched
78082,C542799,0,,unmatched
78083,C542799,0,,unmatched
78090,C542805,1,78084.0,unique_available_candidate
78091,C542805,1,78085.0,unique_available_candidate
78148,C542832,1,55995.0,unique_available_candidate
78234,C542860,0,,unmatched
78331,C542866,0,,unmatched
78332,C542866,0,,unmatched
78333,C542866,0,,unmatched
79141,C542910,0,,unmatched
79142,C542910,0,,unmatched
79143,C542910,0,,unmatched
79144,C542910,0,,unmatched
79145,C542910,0,,unmatched
79146,C542910,0,,unmatched
79147,C542910,0,,unmatched
79148,C542910,0,,unmatched
79149,C542910,0,,unmatched
79150,C542910,0,,unmatched
79151,C542910,0,,unmatched
79164,C542912,0,,unmatched
79165,C542913,0,,unmatched
79166,C542913,0,,unmatched
79197,C542916,0,,unmatched
79258,C542924,1,68810.0,unique_available_candidate
79458,C542951,0,,unmatched
79477,C542991,0,,unmatched
79780,C543004,0,,unmatched
80219,C543026,0,,unmatched
80220,C543026,1,19510.0,unique_available_candidate
80221,C543026,0,,unmatched
80345,C543039,0,,unmatched
80346,C543039,0,,unmatched
80609,C543042,0,,unmatched
80660,C543050,0,,unmatched
80661,C543050,1,69187.0,unique_available_candidate
80662,C543050,0,,unmatched
80663,C543050,0,,unmatched
80664,C543050,0,,unmatched
80666,C543052,1,78888.0,unique_available_candidate
81082,C543109,1,78679.0,unique_available_candidate
81154,C543112,0,,unmatched
81304,C543119,1,81231.0,unique_available_candidate
81796,C543175,1,6973.0,unique_available_candidate
81797,C543175,1,77749.0,unique_available_candidate
81798,C543175,0,,unmatched
81799,C543175,1,77747.0,unique_available_candidate
82038,C543185,0,,unmatched
82039,C543185,0,,unmatched
82286,C543195,0,,unmatched
82287,C543195,0,,unmatched
82613,C543239,0,,unmatched
82614,C543239,0,,unmatched
82615,C543239,0,,unmatched
82616,C543241,0,,unmatched
82643,C543244,2,43495.0,multiple_available_candidates
83186,C543290,0,,unmatched
83187,C543290,1,37684.0,unique_available_candidate
83503,C543307,1,61724.0,unique_available_candidate
83740,C543347,0,,unmatched
83741,C543347,0,,unmatched
83742,C543347,0,,unmatched
83743,C543347,0,,unmatched
83744,C543347,0,,unmatched
83745,C543347,0,,unmatched
83746,C543347,0,,unmatched
83747,C543347,0,,unmatched
83748,C543347,0,,unmatched
83749,C543347,0,,unmatched
83750,C543347,0,,unmatched
83751,C543347,0,,unmatched
83752,C543347,0,,unmatched
83753,C543347,0,,unmatched
83754,C543347,0,,unmatched
83809,C543353,0,,unmatched
83810,C543353,0,,unmatched
83811,C543353,0,,unmatched
83812,C543353,0,,unmatched
83890,C543356,0,,unmatched
83891,C543356,0,,unmatched
84074,C543368,0,,unmatched
84075,C543368,0,,unmatched
84299,C543375,1,84271.0,unique_available_candidate
84300,C543375,1,84270.0,unique_available_candidate
84331,C543381,1,56182.0,unique_available_candidate
84373,C543384,0,,unmatched
84389,C543388,0,,unmatched
84710,C543431,0,,unmatched
84711,C543431,0,,unmatched
84712,C543431,0,,unmatched
84713,C543431,0,,unmatched
84714,C543442,0,,unmatched
84715,C543442,1,81812.0,unique_available_candidate
84716,C543445,1,81335.0,unique_available_candidate
84717,C543445,1,81340.0,unique_available_candidate
85159,C543465,0,,unmatched
85407,C543469,0,,unmatched
85408,C543469,0,,unmatched
85409,C543469,0,,unmatched
85410,C543469,0,,unmatched
85411,C543469,0,,unmatched
85412,C543469,0,,unmatched
85413,C543469,0,,unmatched
85414,C543469,0,,unmatched
85415,C543469,0,,unmatched
85541,C543475,0,,unmatched
85542,C543475,0,,unmatched
85543,C543475,0,,unmatched
85544,C543475,0,,unmatched
85545,C543475,0,,unmatched
86512,C543551,0,,unmatched
86835,C543603,1,8634.0,unique_available_candidate
86836,C543603,0,,unmatched
86837,C543603,0,,unmatched
86838,C543603,0,,unmatched
86839,C543603,0,,unmatched
86840,C543603,0,,unmatched
86841,C543603,2,86833.0,multiple_available_candidates
86860,C543605,0,,unmatched
86861,C543606,0,,unmatched
86862,C543606,1,79235.0,unique_available_candidate
86863,C543607,1,77285.0,unique_available_candidate
86864,C543608,0,,unmatched
86865,C543609,0,,unmatched
86866,C543609,0,,unmatched
86888,C543611,0,,unmatched
86889,C543611,16,4525.0,multiple_available_candidates
86890,C543611,0,,unmatched
86891,C543611,0,,unmatched
86892,C543611,0,,unmatched
86893,C543611,0,,unmatched
86894,C543611,0,,unmatched
86895,C543611,1,290.0,unique_available_candidate
86896,C543611,14,4515.0,multiple_available_candidates
86897,C543611,3,287.0,multiple_available_candidates
86898,C543611,0,,unmatched
86899,C543611,0,,unmatched
86900,C543611,0,,unmatched
86901,C543611,0,,unmatched
86902,C543611,0,,unmatched
86943,C543620,0,,unmatched
86945,C543621,0,,unmatched
86946,C543621,0,,unmatched
86947,C543621,0,,unmatched
86950,C543624,0,,unmatched
86983,C543627,0,,unmatched
86984,C543628,0,,unmatched
86985,C543628,0,,unmatched
87141,C543632,1,82768.0,unique_available_candidate
87142,C543633,0,,unmatched
87143,C543633,1,74802.0,unique_available_candidate
87144,C543633,0,,unmatched
87145,C543633,0,,unmatched
87146,C543634,0,,unmatched
87147,C543634,1,46734.0,unique_available_candidate
87148,C543635,1,79825.0,unique_available_candidate
87149,C543636,0,,unmatched
87150,C543637,0,,unmatched
87151,C543638,0,,unmatched
87152,C543638,0,,unmatched
87153,C543638,0,,unmatched
87154,C543638,0,,unmatched
87155,C543638,0,,unmatched
87175,C543640,0,,unmatched
87211,C543643,1,31951.0,unique_available_candidate
87212,C543643,0,,unmatched
87213,C543643,0,,unmatched
87214,C543643,0,,unmatched
87215,C543643,0,,unmatched
87216,C543643,0,,unmatched
87217,C543643,0,,unmatched
87218,C543644,0,,unmatched
87595,C543659,1,69590.0,unique_available_candidate
87596,C543659,1,69591.0,unique_available_candidate
87597,C543661,0,,unmatched
87598,C543661,0,,unmatched
87599,C543661,0,,unmatched
87600,C543661,0,,unmatched
87601,C543661,0,,unmatched
87602,C543661,0,,unmatched
87603,C543662,0,,unmatched
87604,C543663,1,83509.0,unique_available_candidate
87634,C543671,0,,unmatched
87635,C543671,0,,unmatched
87648,C543706,0,,unmatched
87754,C543729,0,,unmatched
87998,C543741,0,,unmatched
87999,C543742,0,,unmatched
88000,C543743,0,,unmatched
88001,C543744,1,53205.0,unique_available_candidate
88002,C543744,1,53204.0,unique_available_candidate
88003,C543744,1,53203.0,unique_available_candidate
88004,C543745,0,,unmatched
88005,C543745,0,,unmatched
88006,C543745,0,,unmatched
88028,C543749,0,,unmatched
88029,C543750,0,,unmatched
88032,C543752,0,,unmatched
88057,C543755,0,,unmatched
88058,C543755,0,,unmatched
88059,C543755,0,,unmatched
88060,C543755,0,,unmatched
88061,C543755,0,,unmatched
88062,C543755,0,,unmatched
88063,C543755,0,,unmatched
88064,C543755,0,,unmatched
88065,C543755,0,,unmatched
88066,C543755,0,,unmatched
88067,C543756,0,,unmatched
88068,C543756,0,,unmatched
88069,C543756,0,,unmatched
88070,C543757,0,,unmatched
88071,C543758,0,,unmatched
88084,C543760,0,,unmatched
88085,C543760,0,,unmatched
88086,C543761,0,,unmatched
88090,C543763,1,85558.0,unique_available_candidate
88091,C543763,2,82774.0,multiple_available_candidates
88092,C543764,1,78388.0,unique_available_candidate
88093,C543764,1,78389.0,unique_available_candidate
88094,C543764,0,,unmatched
88095,C543764,1,78387.0,unique_available_candidate
88096,C543765,1,84761.0,unique_available_candidate
88097,C543766,0,,unmatched
88098,C543767,0,,unmatched
88099,C543767,0,,unmatched
88100,C543768,0,,unmatched
88101,C543768,0,,unmatched
88102,C543769,0,,unmatched
88127,C543771,0,,unmatched
88128,C543771,0,,unmatched
88129,C543772,0,,unmatched
88130,C543773,0,,unmatched
88131,C543773,0,,unmatched
88152,C543775,0,,unmatched
88153,C543776,0,,unmatched
88197,C543778,0,,unmatched
88198,C543779,0,,unmatched
88199,C543779,0,,unmatched
88200,C543780,0,,unmatched
88204,C543784,1,59794.0,unique_available_candidate
88205,C543785,0,,unmatched
88206,C543786,0,,unmatched
88207,C543787,0,,unmatched
88210,C543789,0,,unmatched
88211,C543789,0,,unmatched
88212,C543789,0,,unmatched
88213,C543790,0,,unmatched
88214,C543790,0,,unmatched
88215,C543791,0,,unmatched
88216,C543791,0,,unmatched
88217,C543791,0,,unmatched
88218,C543791,2,80194.0,multiple_available_candidates
88219,C543792,0,,unmatched
88220,C543792,0,,unmatched
88221,C543792,0,,unmatched
88637,C543811,0,,unmatched
88638,C543811,0,,unmatched
88796,C543817,1,54355.0,unique_available_candidate
88797,C543817,0,,unmatched
88798,C543817,2,42809.0,multiple_available_candidates
88799,C543818,1,88704.0,unique_available_candidate
88800,C543818,1,88707.0,unique_available_candidate
88801,C543818,1,88708.0,unique_available_candidate
88802,C543818,1,88709.0,unique_available_candidate
88803,C543818,1,88710.0,unique_available_candidate
88804,C543818,1,88705.0,unique_available_candidate
88805,C543818,1,88706.0,unique_available_candidate
88806,C543819,0,,unmatched
88807,C543819,0,,unmatched
88808,C543819,0,,unmatched
89210,C543830,0,,unmatched
89211,C543830,0,,unmatched
89212,C543830,0,,unmatched
89255,C543834,1,57248.0,unique_available_candidate
89256,C543835,0,,unmatched
89272,C543837,0,,unmatched
89273,C543837,0,,unmatched
89274,C543837,0,,unmatched
89275,C543837,0,,unmatched
89276,C543837,0,,unmatched
89277,C543838,1,84721.0,unique_available_candidate
89278,C543838,0,,unmatched
89282,C543840,0,,unmatched
89283,C543841,0,,unmatched
89662,C543917,0,,unmatched
89663,C543918,0,,unmatched
89780,C543972,0,,unmatched
89781,C543974,0,,unmatched
89782,C543974,1,83081.0,unique_available_candidate
89954,C543980,0,,unmatched
90262,C543992,0,,unmatched
90363,C544034,0,,unmatched
90364,C544034,0,,unmatched
90365,C544034,0,,unmatched
90366,C544034,0,,unmatched
90367,C544034,0,,unmatched
90368,C544034,0,,unmatched
90443,C544038,0,,unmatched
90444,C544038,0,,unmatched
90445,C544038,0,,unmatched
90446,C544038,1,74755.0,unique_available_candidate
90557,C544047,0,,unmatched
90558,C544049,0,,unmatched
90586,C544054,0,,unmatched
90617,C544057,0,,unmatched
90618,C544057,0,,unmatched
91040,C544080,0,,unmatched
91443,C544099,0,,unmatched
91735,C544117,0,,unmatched
91736,C544118,1,87301.0,unique_available_candidate
92045,C544171,0,,unmatched
92046,C544171,0,,unmatched
92047,C544174,0,,unmatched
92226,C544184,1,80992.0,unique_available_candidate
93200,C544279,0,,unmatched
93564,C544300,0,,unmatched
93807,C544310,3,80299.0,multiple_available_candidates
93906,C544318,0,,unmatched
94588,C544397,0,,unmatched
94589,C544397,0,,unmatched
94590,C544397,0,,unmatched
94591,C544397,0,,unmatched
94799,C544413,1,91069.0,unique_available_candidate
94800,C544413,1,91068.0,unique_available_candidate
94801,C544414,0,,unmatched
94802,C544415,0,,unmatched
94803,C544416,0,,unmatched
94804,C544417,0,,unmatched
94808,C544419,1,87842.0,unique_available_candidate
94809,C544420,0,,unmatched
94822,C544422,1,57247.0,unique_available_candidate
94824,C544424,0,,unmatched
94825,C544424,0,,unmatched
94826,C544425,0,,unmatched
94828,C544427,0,,unmatched
94829,C544428,0,,unmatched
94831,C544429,1,94830.0,unique_available_candidate
94834,C544432,1,89995.0,unique_available_candidate
94835,C544433,0,,unmatched
95047,C544435,0,,unmatched
95048,C544435,0,,unmatched
95049,C544436,0,,unmatched
95050,C544436,0,,unmatched
95051,C544436,0,,unmatched
95052,C544437,0,,unmatched
95063,C544442,0,,unmatched
95317,C544451,0,,unmatched
95318,C544451,0,,unmatched
95448,C544458,0,,unmatched
95449,C544458,0,,unmatched
96372,C544507,0,,unmatched
96373,C544553,0,,unmatched
96387,C544557,0,,unmatched
96388,C544557,0,,unmatched
96389,C544557,0,,unmatched
96390,C544557,0,,unmatched
96391,C544557,0,,unmatched
96392,C544558,0,,unmatched
96393,C544559,1,57612.0,unique_available_candidate
96394,C544560,0,,unmatched
96395,C544561,0,,unmatched
96539,C544570,0,,unmatched
96675,C544575,0,,unmatched
96676,C544576,0,,unmatched
96677,C544577,0,,unmatched
96680,C544580,0,,unmatched
96681,C544580,0,,unmatched
96682,C544580,0,,unmatched
96683,C544580,0,,unmatched
96684,C544580,0,,unmatched
96685,C544580,0,,unmatched
96686,C544580,0,,unmatched
96687,C544580,0,,unmatched
96688,C544580,0,,unmatched
96689,C544580,0,,unmatched
96690,C544580,0,,unmatched
96691,C544580,0,,unmatched
96692,C544580,0,,unmatched
96693,C544580,0,,unmatched
96694,C544580,0,,unmatched
96695,C544580,0,,unmatched
96696,C544581,0,,unmatched
96697,C544581,0,,unmatched
96698,C544581,0,,unmatched
96699,C544581,0,,unmatched
96708,C544583,0,,unmatched
96709,C544583,0,,unmatched
96710,C544583,0,,unmatched
96711,C544583,0,,unmatched
96712,C544583,0,,unmatched
96713,C544583,0,,unmatched
96714,C544583,0,,unmatched
96715,C544584,0,,unmatched
96844,C544587,0,,unmatched
96845,C544589,0,,unmatched
96846,C544590,1,90447.0,unique_available_candidate
96890,C544594,0,,unmatched
97411,C544608,0,,unmatched
97412,C544609,0,,unmatched
97482,C544635,1,92216.0,unique_available_candidate
97681,C544653,0,,unmatched
97682,C544653,0,,unmatched
97691,C544655,0,,unmatched
97692,C544655,0,,unmatched
97693,C544655,0,,unmatched
97694,C544655,0,,unmatched
97695,C544655,0,,unmatched
98028,C544665,0,,unmatched
98029,C544665,0,,unmatched
98030,C544665,0,,unmatched
98139,C544669,1,96412.0,unique_available_candidate
98140,C544669,0,,unmatched
98141,C544669,0,,unmatched
98186,C544671,0,,unmatched
98251,C544674,0,,unmatched
98427,C544679,0,,unmatched
98428,C544679,0,,unmatched
98644,C544682,0,,unmatched
98645,C544682,0,,unmatched
98646,C544682,0,,unmatched
98647,C544682,0,,unmatched
99100,C544696,1,64790.0,unique_available_candidate
99101,C544696,0,,unmatched
99531,C544775,0,,unmatched
99748,C544780,0,,unmatched
99749,C544780,0,,unmatched
100457,C544814,0,,unmatched
100702,C544827,0,,unmatched
100703,C544827,0,,unmatched
100704,C544828,0,,unmatched
100705,C544828,0,,unmatched
100706,C544829,0,,unmatched
100707,C544829,0,,unmatched
100708,C544830,0,,unmatched
100709,C544830,0,,unmatched
100710,C544831,0,,unmatched
100711,C544831,0,,unmatched
100712,C544831,0,,unmatched
100713,C544831,0,,unmatched
100851,C544840,1,11819.0,unique_available_candidate
100852,C544840,0,,unmatched
101097,C544897,0,,unmatched
101130,C544901,1,97903.0,unique_available_candidate
101131,C544901,1,97904.0,unique_available_candidate
101132,C544901,0,,unmatched
101133,C544901,0,,unmatched
101134,C544901,0,,unmatched
101135,C544902,0,,unmatched
101136,C544902,0,,unmatched
102274,C545003,0,,unmatched
102275,C545003,0,,unmatched
102729,C545033,1,58102.0,unique_available_candidate
102730,C545033,1,58103.0,unique_available_candidate
102731,C545033,1,58122.0,unique_available_candidate
102732,C545033,1,58116.0,unique_available_candidate
102733,C545033,1,58129.0,unique_available_candidate
102734,C545033,1,58095.0,unique_available_candidate
102859,C545040,1,102807.0,unique_available_candidate
103549,C545068,0,,unmatched
104698,C545189,1,98264.0,unique_available_candidate
105762,C545277,0,,unmatched
106054,C545307,1,104386.0,unique_available_candidate
106055,C545307,1,104376.0,unique_available_candidate
106394,C545329,0,,unmatched
106395,C545329,0,,unmatched
106397,C545330,0,,unmatched
107259,C545421,0,,unmatched
107361,C545432,1,59726.0,unique_available_candidate
107362,C545434,0,,unmatched
107374,C545436,0,,unmatched
107375,C545436,0,,unmatched
107376,C545436,0,,unmatched
107377,C545437,0,,unmatched
107378,C545438,0,,unmatched
107379,C545438,0,,unmatched
107380,C545438,1,100977.0,unique_available_candidate
107381,C545439,1,100888.0,unique_available_candidate
107382,C545440,0,,unmatched
107397,C545442,0,,unmatched
107398,C545443,0,,unmatched
107399,C545443,0,,unmatched
107400,C545444,0,,unmatched
107401,C545444,0,,unmatched
107402,C545444,0,,unmatched
107444,C545446,0,,unmatched
107445,C545446,0,,unmatched
107446,C545446,0,,unmatched
107447,C545446,0,,unmatched
107448,C545446,0,,unmatched
107516,C545449,0,,unmatched
107517,C545449,0,,unmatched
107518,C545449,0,,unmatched
107519,C545450,1,92527.0,unique_available_candidate
107520,C545451,0,,unmatched
107521,C545452,0,,unmatched
107522,C545453,2,96618.0,multiple_available_candidates
107523,C545453,0,,unmatched
107524,C545454,0,,unmatched
107525,C545454,0,,unmatched
107526,C545455,0,,unmatched
107527,C545456,0,,unmatched
107528,C545456,0,,unmatched
107529,C545456,0,,unmatched
107530,C545457,0,,unmatched
107531,C545457,1,85003.0,unique_available_candidate
107532,C545457,0,,unmatched
107533,C545457,0,,unmatched
107534,C545458,0,,unmatched
108071,C545476,0,,unmatched
108088,C545478,0,,unmatched
108089,C545502,3,102752.0,multiple_available_candidates
108119,C545504,0,,unmatched
108120,C545504,0,,unmatched
108126,C545506,0,,unmatched
108127,C545507,0,,unmatched
108128,C545508,0,,unmatched
108129,C545508,0,,unmatched
108130,C545509,0,,unmatched
108131,C545510,0,,unmatched
108132,C545510,0,,unmatched
108133,C545510,0,,unmatched
108134,C545511,0,,unmatched
108140,C545513,0,,unmatched
108189,C545516,0,,unmatched
108190,C545516,0,,unmatched
108191,C545516,0,,unmatched
108192,C545516,0,,unmatched
108193,C545516,0,,unmatched
108194,C545516,1,99086.0,unique_available_candidate
108195,C545516,1,99087.0,unique_available_candidate
108196,C545516,0,,unmatched
108231,C545520,1,68413.0,unique_available_candidate
108303,C545525,0,,unmatched
108304,C545525,0,,unmatched
108319,C545529,0,,unmatched
108418,C545531,0,,unmatched
108419,C545532,1,106051.0,unique_available_candidate
108477,C545537,0,,unmatched
108478,C545537,0,,unmatched
108612,C545556,1,49835.0,unique_available_candidate
108613,C545556,0,,unmatched
108915,C545569,0,,unmatched
108916,C545569,0,,unmatched
108917,C545569,0,,unmatched
109466,C545639,0,,unmatched
109531,C545650,1,33307.0,unique_available_candidate
109532,C545650,0,,unmatched
110142,C545671,0,,unmatched
110143,C545672,0,,unmatched
110144,C545673,0,,unmatched
110145,C545674,0,,unmatched
110146,C545674,0,,unmatched
110147,C545674,0,,unmatched
110155,C545677,0,,unmatched
110156,C545677,0,,unmatched
110157,C545677,0,,unmatched
110158,C545677,0,,unmatched
110159,C545677,0,,unmatched
110160,C545677,0,,unmatched
110161,C545677,0,,unmatched
110162,C545677,0,,unmatched
110163,C545677,0,,unmatched
110164,C545677,0,,unmatched
110165,C545677,0,,unmatched
110166,C545678,0,,unmatched
110167,C545678,0,,unmatched
110168,C545679,0,,unmatched
110524,C545689,0,,unmatched
110525,C545689,1,44523.0,unique_available_candidate
111458,C545720,0,,unmatched
111459,C545720,1,104006.0,unique_available_candidate
111504,C545723,0,,unmatched
111505,C545723,0,,unmatched
111506,C545723,0,,unmatched
111507,C545724,0,,unmatched
111508,C545724,0,,unmatched
111514,C545728,0,,unmatched
111515,C545728,0,,unmatched
111516,C545728,0,,unmatched
111519,C545739,0,,unmatched
111520,C545740,0,,unmatched
111576,C545769,0,,unmatched
111577,C545773,0,,unmatched
111578,C545773,0,,unmatched
111732,C545823,0,,unmatched
111733,C545824,1,105743.0,unique_available_candidate
111734,C545825,0,,unmatched
111760,C545828,0,,unmatched
111761,C545828,0,,unmatched
111762,C545828,0,,unmatched
111763,C545829,2,58327.0,multiple_available_candidates
111764,C545829,2,58328.0,multiple_available_candidates
111816,C545831,0,,unmatched
111817,C545831,0,,unmatched
111820,C545833,0,,unmatched
111821,C545833,0,,unmatched
111822,C545833,0,,unmatched
111823,C545833,0,,unmatched
111824,C545834,0,,unmatched
111847,C545836,0,,unmatched
111848,C545836,3,103447.0,multiple_available_candidates
111849,C545836,2,106929.0,multiple_available_candidates
111850,C545837,1,104076.0,unique_available_candidate
111891,C545839,0,,unmatched
111892,C545840,0,,unmatched
111893,C545841,0,,unmatched
111894,C545841,0,,unmatched
111895,C545841,0,,unmatched
111926,C545843,0,,unmatched
111927,C545843,1,104226.0,unique_available_candidate
111940,C545844,0,,unmatched
111941,C545846,0,,unmatched
111942,C545847,0,,unmatched
111943,C545848,0,,unmatched
111944,C545849,0,,unmatched
111965,C545850,0,,unmatched
111966,C545850,0,,unmatched
111967,C545852,0,,unmatched
111968,C545852,0,,unmatched
111969,C545852,1,84234.0,unique_available_candidate
112062,C545866,0,,unmatched
112063,C545866,0,,unmatched
112064,C545866,0,,unmatched
112065,C545867,0,,unmatched
112229,C545884,0,,unmatched
112230,C545885,0,,unmatched
112231,C545885,0,,unmatched
112232,C545886,0,,unmatched
112233,C545887,0,,unmatched
112245,C545891,0,,unmatched
112246,C545892,0,,unmatched
112942,C545903,0,,unmatched
112943,C545903,0,,unmatched
113839,C545997,0,,unmatched
113840,C545997,1,105944.0,unique_available_candidate
113841,C545997,0,,unmatched
114536,C546022,1,114504.0,unique_available_candidate
114537,C546022,1,114505.0,unique_available_candidate
114742,C546080,0,,unmatched
114743,C546081,1,112222.0,unique_available_candidate
115091,C546106,0,,unmatched
115490,C546125,1,111544.0,unique_available_candidate
115501,C546128,0,,unmatched
115502,C546128,0,,unmatched
115503,C546128,0,,unmatched
115506,C546131,1,103883.0,unique_available_candidate
115507,C546131,0,,unmatched
115508,C546131,0,,unmatched
115509,C546131,0,,unmatched
115510,C546131,0,,unmatched
115511,C546131,0,,unmatched
115512,C546131,0,,unmatched
115513,C546131,1,103876.0,unique_available_candidate
115928,C546162,2,74473.0,multiple_available_candidates
115970,C546167,0,,unmatched
115971,C546168,1,107089.0,unique_available_candidate
115972,C546168,2,107109.0,multiple_available_candidates
115975,C546170,0,,unmatched
116011,C546173,0,,unmatched
116012,C546173,0,,unmatched
116013,C546174,0,,unmatched
116064,C546191,0,,unmatched
116065,C546203,2,92525.0,multiple_available_candidates
116066,C546203,0,,unmatched
116067,C546204,0,,unmatched
116068,C546204,1,106294.0,unique_available_candidate
116069,C546205,0,,unmatched
116070,C546206,0,,unmatched
116071,C546206,0,,unmatched
116072,C546207,0,,unmatched
116073,C546207,0,,unmatched
116074,C546207,0,,unmatched
116075,C546208,0,,unmatched
116076,C546208,0,,unmatched
116077,C546209,1,108243.0,unique_available_candidate
116078,C546209,1,108247.0,unique_available_candidate
116079,C546210,0,,unmatched
116080,C546210,0,,unmatched
116081,C546211,0,,unmatched
116112,C546214,0,,unmatched
116156,C546217,1,108514.0,unique_available_candidate
116157,C546217,1,108515.0,unique_available_candidate
116158,C546217,1,108511.0,unique_available_candidate
116159,C546217,1,108513.0,unique_available_candidate
116160,C546217,1,108517.0,unique_available_candidate
116161,C546217,1,108512.0,unique_available_candidate
116162,C546217,1,108518.0,unique_available_candidate
116248,C546234,1,106300.0,unique_available_candidate
116340,C546238,0,,unmatched
116358,C546241,0,,unmatched
116609,C546256,0,,unmatched
116661,C546267,0,,unmatched
116662,C546270,0,,unmatched
116679,C546278,0,,unmatched
116680,C546278,1,108488.0,unique_available_candidate
116696,C546302,0,,unmatched
116697,C546302,0,,unmatched
116930,C546313,0,,unmatched
117026,C546320,0,,unmatched
117027,C546320,0,,unmatched
117032,C546323,1,113397.0,unique_available_candidate
117033,C546323,0,,unmatched
117052,C546325,0,,unmatched
117053,C546327,0,,unmatched
117069,C546362,0,,unmatched
117070,C546363,1,97420.0,unique_available_candidate
117071,C546363,0,,unmatched
117660,C546395,0,,unmatched
117705,C546400,1,97455.0,unique_available_candidate
117706,C546400,1,97450.0,unique_available_candidate
117992,C546416,0,,unmatched
117993,C546416,0,,unmatched
117994,C546416,0,,unmatched
118883,C546496,0,,unmatched
118884,C546496,0,,unmatched
118885,C546496,0,,unmatched
118886,C546501,0,,unmatched
118954,C546507,0,,unmatched
118955,C546507,3,110993.0,multiple_available_candidates
118956,C546507,0,,unmatched
119001,C546511,0,,unmatched
119002,C546517,0,,unmatched
119003,C546517,0,,unmatched
119004,C546519,0,,unmatched
119005,C546519,0,,unmatched
119006,C546519,1,116490.0,unique_available_candidate
119147,C546529,0,,unmatched
119148,C546529,1,115000.0,unique_available_candidate
119234,C546535,0,,unmatched
119235,C546536,1,118860.0,unique_available_candidate
119510,C546548,0,,unmatched
119511,C546548,0,,unmatched
119631,C546557,0,,unmatched
119633,C546559,1,108172.0,unique_available_candidate
119806,C546623,0,,unmatched
120004,C546641,0,,unmatched
120059,C546645,3,119127.0,multiple_available_candidates
120081,C546647,0,,unmatched
120590,C546664,0,,unmatched
120761,C546671,0,,unmatched
120846,C546680,1,120834.0,unique_available_candidate
120847,C546680,1,120817.0,unique_available_candidate
120848,C546680,1,120818.0,unique_available_candidate
121071,C546730,0,,unmatched
121072,C546730,0,,unmatched
121098,C546735,2,121095.0,multiple_available_candidates
121099,C546735,2,121096.0,multiple_available_candidates
121100,C546735,2,121097.0,multiple_available_candidates
121184,C546740,0,,unmatched
121368,C546758,0,,unmatched
121562,C546773,0,,unmatched
121563,C546773,0,,unmatched
121675,C546777,0,,unmatched
121777,C546783,1,114655.0,unique_available_candidate
122197,C546854,0,,unmatched
122198,C546854,0,,unmatched
122199,C546854,0,,unmatched
122200,C546854,0,,unmatched
122201,C546854,0,,unmatched
122202,C546854,0,,unmatched
122203,C546854,0,,unmatched
122280,C546858,1,87108.0,unique_available_candidate
122281,C546858,1,87130.0,unique_available_candidate
122282,C546859,0,,unmatched
122356,C546864,2,119064.0,multiple_available_candidates
122357,C546864,0,,unmatched
122358,C546865,0,,unmatched
122359,C546865,0,,unmatched
122360,C546865,0,,unmatched
122361,C546865,0,,unmatched
122399,C546867,1,108199.0,unique_available_candidate
122400,C546867,1,108213.0,unique_available_candidate
122401,C546868,0,,unmatched
122409,C546870,1,122397.0,unique_available_candidate
122506,C546879,0,,unmatched
122507,C546880,0,,unmatched
122508,C546881,0,,unmatched
122726,C546885,0,,unmatched
122727,C546886,1,117116.0,unique_available_candidate
122728,C546886,0,,unmatched
122729,C546886,1,117113.0,unique_available_candidate
122730,C546887,0,,unmatched
122731,C546887,0,,unmatched
122732,C546887,0,,unmatched
122733,C546887,0,,unmatched
122902,C546889,0,,unmatched
122903,C546889,0,,unmatched
122904,C546889,0,,unmatched
123256,C546893,0,,unmatched
123257,C546894,1,116014.0,unique_available_candidate
123258,C546895,0,,unmatched
123557,C546897,0,,unmatched
123558,C546897,0,,unmatched
123585,C546901,1,114765.0,unique_available_candidate
123586,C546901,0,,unmatched
123587,C546901,0,,unmatched
123588,C546901,0,,unmatched
123589,C546901,0,,unmatched
123590,C546901,0,,unmatched
123591,C546901,1,114749.0,unique_available_candidate
123593,C546903,1,107366.0,unique_available_candidate
123594,C546903,1,107372.0,unique_available_candidate
123595,C546903,1,107369.0,unique_available_candidate
123596,C546904,0,,unmatched
123597,C546904,0,,unmatched
123598,C546904,0,,unmatched
123599,C546904,0,,unmatched
123600,C546905,0,,unmatched
123601,C546906,0,,unmatched
123602,C546907,0,,unmatched
123986,C546930,0,,unmatched
123987,C546930,1,110259.0,unique_available_candidate
123988,C546930,0,,unmatched
123989,C546930,1,73537.0,unique_available_candidate
123990,C546930,0,,unmatched
123991,C546930,0,,unmatched
123992,C546931,0,,unmatched
123993,C546932,0,,unmatched
124025,C546943,0,,unmatched
124051,C546948,0,,unmatched
124052,C546948,0,,unmatched
124474,C546975,0,,unmatched
124475,C546978,1,123943.0,unique_available_candidate
124741,C546987,0,,unmatched
124787,C546989,0,,unmatched
124921,C546997,1,124794.0,unique_available_candidate
124922,C546997,1,124806.0,unique_available_candidate
124923,C546997,1,124789.0,unique_available_candidate
124924,C546997,1,124808.0,unique_available_candidate
124925,C546997,1,124809.0,unique_available_candidate
124926,C546997,1,124795.0,unique_available_candidate
124927,C546997,1,124796.0,unique_available_candidate
124928,C546997,1,124798.0,unique_available_candidate
124929,C546997,1,124800.0,unique_available_candidate
124930,C546997,1,124797.0,unique_available_candidate
124931,C546997,1,124799.0,unique_available_candidate
124932,C546997,1,124788.0,unique_available_candidate
124933,C546997,1,124790.0,unique_available_candidate
124934,C546997,1,124801.0,unique_available_candidate
124935,C546997,1,124802.0,unique_available_candidate
124936,C546997,1,124805.0,unique_available_candidate
124937,C546997,1,124803.0,unique_available_candidate
124938,C546997,1,124804.0,unique_available_candidate
124939,C546997,2,124791.0,multiple_available_candidates
124940,C546997,1,124792.0,unique_available_candidate
124941,C546997,1,124793.0,unique_available_candidate
124942,C546997,1,124807.0,unique_available_candidate
125067,C547008,0,,unmatched
125153,C547024,0,,unmatched
125154,C547024,0,,unmatched
125231,C547031,0,,unmatched
125521,C547043,0,,unmatched
125522,C547043,0,,unmatched
125523,C547043,0,,unmatched
125652,C547054,0,,unmatched
125653,C547054,0,,unmatched
126626,C547091,0,,unmatched
126627,C547091,0,,unmatched
126628,C547091,0,,unmatched
126893,C547104,0,,unmatched
127043,C547168,1,125198.0,unique_available_candidate
127051,C547187,0,,unmatched
127052,C547187,0,,unmatched
127053,C547187,0,,unmatched
127060,C547193,0,,unmatched
127144,C547198,3,100138.0,multiple_available_candidates
127145,C547198,1,111884.0,unique_available_candidate
127146,C547198,2,111885.0,multiple_available_candidates
127299,C547208,0,,unmatched
127300,C547208,0,,unmatched
127550,C547228,0,,unmatched
127551,C547229,0,,unmatched
127552,C547229,0,,unmatched
127553,C547230,0,,unmatched
127554,C547231,0,,unmatched
127555,C547232,1,120878.0,unique_available_candidate
127556,C547232,0,,unmatched
127557,C547232,0,,unmatched
127558,C547232,0,,unmatched
127559,C547232,0,,unmatched
127560,C547232,0,,unmatched
127569,C547234,0,,unmatched
127570,C547234,0,,unmatched
127571,C547235,0,,unmatched
127572,C547236,2,118467.0,multiple_available_candidates
127573,C547237,1,116582.0,unique_available_candidate
127633,C547241,0,,unmatched
128405,C547309,1,108336.0,unique_available_candidate
128475,C547342,0,,unmatched
128476,C547342,2,51688.0,multiple_available_candidates
128946,C547368,0,,unmatched
129131,C547376,0,,unmatched
129737,C547388,2,122406.0,multiple_available_candidates
129738,C547388,1,122403.0,unique_available_candidate
129739,C547388,1,122407.0,unique_available_candidate
129740,C547388,1,122405.0,unique_available_candidate
129741,C547388,1,122402.0,unique_available_candidate
129742,C547388,1,122408.0,unique_available_candidate
129743,C547388,1,122404.0,unique_available_candidate
130096,C547408,1,130094.0,unique_available_candidate
130097,C547408,1,130095.0,unique_available_candidate
130098,C547409,1,112205.0,unique_available_candidate
130099,C547410,0,,unmatched
130501,C547495,0,,unmatched
130692,C547502,1,100697.0,unique_available_candidate
130693,C547502,1,100700.0,unique_available_candidate
130694,C547502,1,100695.0,unique_available_candidate
130695,C547502,1,100698.0,unique_available_candidate
130696,C547502,1,100699.0,unique_available_candidate
130697,C547502,1,100701.0,unique_available_candidate
131603,C547574,1,126602.0,unique_available_candidate
131681,C547581,0,,unmatched
131682,C547581,0,,unmatched
131683,C547581,0,,unmatched
131684,C547581,1,125049.0,unique_available_candidate
131685,C547582,0,,unmatched
131686,C547582,0,,unmatched
131700,C547594,0,,unmatched
132295,C547661,0,,unmatched
132296,C547661,0,,unmatched
132297,C547661,0,,unmatched
132642,C547675,0,,unmatched
132643,C547676,0,,unmatched
132940,C547710,0,,unmatched
132976,C547711,0,,unmatched
133108,C547725,0,,unmatched
133109,C547725,0,,unmatched
133110,C547725,0,,unmatched
133111,C547725,0,,unmatched
133112,C547725,0,,unmatched
133113,C547725,0,,unmatched
133114,C547725,0,,unmatched
133115,C547725,0,,unmatched
133116,C547725,0,,unmatched
133117,C547725,0,,unmatched
133118,C547725,0,,unmatched
133119,C547725,0,,unmatched
133120,C547725,0,,unmatched
133121,C547725,0,,unmatched
133122,C547725,0,,unmatched
133123,C547725,0,,unmatched
133124,C547725,0,,unmatched
133125,C547725,0,,unmatched
133126,C547725,0,,unmatched
133127,C547725,0,,unmatched
133128,C547725,0,,unmatched
133129,C547725,0,,unmatched
133130,C547725,0,,unmatched
133131,C547725,0,,unmatched
133132,C547725,0,,unmatched
133133,C547725,0,,unmatched
133134,C547725,0,,unmatched
133263,C547763,1,124746.0,unique_available_candidate
133264,C547763,0,,unmatched
133265,C547763,0,,unmatched
133266,C547763,0,,unmatched
133267,C547763,0,,unmatched
133710,C547791,1,133272.0,unique_available_candidate
133798,C547797,0,,unmatched
133799,C547798,0,,unmatched
133800,C547798,0,,unmatched
133801,C547798,0,,unmatched
133873,C547802,0,,unmatched
133913,C547806,0,,unmatched
133914,C547806,0,,unmatched
133915,C547807,0,,unmatched
133916,C547807,0,,unmatched
133917,C547808,0,,unmatched
133918,C547808,0,,unmatched
134375,C547836,0,,unmatched
134390,C547838,1,67549.0,unique_available_candidate
134391,C547838,1,67548.0,unique_available_candidate
134490,C547847,0,,unmatched
134491,C547848,0,,unmatched
134554,C547849,0,,unmatched
134555,C547851,0,,unmatched
134556,C547851,2,31432.0,multiple_available_candidates
134557,C547852,1,96428.0,unique_available_candidate
134558,C547853,0,,unmatched
134559,C547853,0,,unmatched
134560,C547853,0,,unmatched
134561,C547854,1,113114.0,unique_available_candidate
134562,C547854,1,113106.0,unique_available_candidate
134563,C547855,0,,unmatched
134564,C547856,0,,unmatched
134565,C547857,0,,unmatched
134566,C547857,1,129149.0,unique_available_candidate
134567,C547858,1,123841.0,unique_available_candidate
134568,C547858,0,,unmatched
134569,C547858,0,,unmatched
134570,C547859,0,,unmatched
135284,C547889,0,,unmatched
135285,C547889,0,,unmatched
135286,C547889,0,,unmatched
135287,C547889,0,,unmatched
135288,C547889,0,,unmatched
135289,C547889,0,,unmatched
135290,C547889,0,,unmatched
135291,C547889,0,,unmatched
135292,C547889,0,,unmatched
135532,C547899,0,,unmatched
135533,C547899,0,,unmatched
135590,C547904,0,,unmatched
135591,C547905,0,,unmatched
135592,C547905,0,,unmatched
135668,C547908,0,,unmatched
135669,C547908,0,,unmatched
135845,C547913,0,,unmatched
135846,C547913,0,,unmatched
135860,C547915,0,,unmatched
135861,C547915,0,,unmatched
136092,C547930,2,135859.0,multiple_available_candidates
136273,C547958,1,136256.0,unique_available_candidate
136320,C547961,2,136258.0,multiple_available_candidates
136321,C547961,2,136259.0,multiple_available_candidates
136689,C547968,0,,unmatched
136690,C547968,0,,unmatched
136830,C547988,0,,unmatched
136849,C547992,0,,unmatched
136850,C547992,1,127730.0,unique_available_candidate
136967,C548009,0,,unmatched
137128,C548015,0,,unmatched
137330,C548155,0,,unmatched
137906,C548174,0,,unmatched
138023,C548187,0,,unmatched
138024,C548187,0,,unmatched
138025,C548187,0,,unmatched
138283,C548193,0,,unmatched
138284,C548193,0,,unmatched
138285,C548193,0,,unmatched
138286,C548193,0,,unmatched
138287,C548193,0,,unmatched
138288,C548193,0,,unmatched
138289,C548193,0,,unmatched
139137,C548307,0,,unmatched
139739,C548341,1,131637.0,unique_available_candidate
139743,C548350,0,,unmatched
139744,C548350,1,123613.0,unique_available_candidate
139769,C548352,0,,unmatched
139803,C548355,3,104216.0,multiple_available_candidates
139804,C548355,2,104223.0,multiple_available_candidates
139805,C548355,2,104224.0,multiple_available_candidates
139806,C548355,2,104218.0,multiple_available_candidates
139807,C548355,0,,unmatched
139808,C548356,0,,unmatched
139809,C548356,0,,unmatched
139810,C548356,0,,unmatched
139811,C548356,0,,unmatched
139812,C548356,0,,unmatched
139813,C548356,0,,unmatched
139814,C548356,0,,unmatched
139815,C548357,0,,unmatched
139873,C548360,0,,unmatched
139874,C548360,0,,unmatched
139895,C548362,1,122145.0,unique_available_candidate
140191,C548374,0,,unmatched
140192,C548374,0,,unmatched
140193,C548374,0,,unmatched
140195,C548375,1,132449.0,unique_available_candidate
140217,C548387,0,,unmatched
140274,C548389,1,130941.0,unique_available_candidate
140275,C548389,1,130936.0,unique_available_candidate
140278,C548391,0,,unmatched
140279,C548392,1,130515.0,unique_available_candidate
140555,C548411,0,,unmatched
140690,C548453,0,,unmatched
140691,C548454,0,,unmatched
140692,C548454,0,,unmatched
140693,C548454,0,,unmatched
140694,C548454,0,,unmatched
140705,C548456,0,,unmatched
140727,C548460,1,117545.0,unique_available_candidate
140728,C548460,1,117541.0,unique_available_candidate
140729,C548460,1,117564.0,unique_available_candidate
140730,C548460,1,117532.0,unique_available_candidate
140731,C548460,1,117527.0,unique_available_candidate
140732,C548460,1,117546.0,unique_available_candidate
140733,C548460,1,117547.0,unique_available_candidate
140734,C548460,1,117548.0,unique_available_candidate
140735,C548460,1,117566.0,unique_available_candidate
140736,C548460,1,117565.0,unique_available_candidate
140737,C548460,1,117562.0,unique_available_candidate
140738,C548460,1,117563.0,unique_available_candidate
140739,C548460,1,117561.0,unique_available_candidate
140740,C548460,1,117539.0,unique_available_candidate
140741,C548460,1,117567.0,unique_available_candidate
140742,C548460,1,117534.0,unique_available_candidate
140743,C548460,1,117530.0,unique_available_candidate
140744,C548460,1,117535.0,unique_available_candidate
140745,C548460,1,117531.0,unique_available_candidate
140746,C548460,1,117529.0,unique_available_candidate
140747,C548460,1,117523.0,unique_available_candidate
140748,C548460,1,117528.0,unique_available_candidate
140749,C548460,1,117525.0,unique_available_candidate
140750,C548460,1,117526.0,unique_available_candidate
140751,C548460,1,117556.0,unique_available_candidate
140752,C548460,1,117560.0,unique_available_candidate
140753,C548460,1,117555.0,unique_available_candidate
140754,C548460,1,117559.0,unique_available_candidate
140755,C548460,1,117549.0,unique_available_candidate
140756,C548460,1,117553.0,unique_available_candidate
140757,C548460,1,117554.0,unique_available_candidate
140758,C548460,1,117540.0,unique_available_candidate
140759,C548460,1,117558.0,unique_available_candidate
140760,C548460,1,117557.0,unique_available_candidate
140761,C548460,1,117536.0,unique_available_candidate
140762,C548460,1,117533.0,unique_available_candidate
140763,C548460,1,117524.0,unique_available_candidate
140764,C548460,1,117551.0,unique_available_candidate
140765,C548460,1,117552.0,unique_available_candidate
140766,C548460,1,117550.0,unique_available_candidate
140767,C548460,1,117538.0,unique_available_candidate
140768,C548460,1,117537.0,unique_available_candidate
140769,C548460,1,117543.0,unique_available_candidate
140770,C548460,1,117544.0,unique_available_candidate
140771,C548460,1,117542.0,unique_available_candidate
140795,C548462,0,,unmatched
140796,C548463,0,,unmatched
140797,C548463,0,,unmatched
140798,C548464,0,,unmatched
140799,C548465,0,,unmatched
140804,C548467,0,,unmatched
140805,C548467,0,,unmatched
140819,C548469,0,,unmatched
140820,C548469,0,,unmatched
140821,C548469,0,,unmatched
140822,C548469,0,,unmatched
140823,C548469,0,,unmatched
140824,C548469,0,,unmatched
140825,C548469,0,,unmatched
140826,C548469,0,,unmatched
140827,C548469,0,,unmatched
140828,C548469,0,,unmatched
140829,C548469,0,,unmatched
140830,C548469,0,,unmatched
140847,C548471,0,,unmatched
140875,C548485,0,,unmatched
140876,C548485,0,,unmatched
140893,C548487,0,,unmatched
140894,C548487,0,,unmatched
140895,C548487,0,,unmatched
140896,C548488,0,,unmatched
140988,C548495,1,97608.0,unique_available_candidate
140989,C548495,1,97601.0,unique_available_candidate
140990,C548495,0,,unmatched
141194,C548503,0,,unmatched
141195,C548503,0,,unmatched
141196,C548503,0,,unmatched
141197,C548503,0,,unmatched
141198,C548503,0,,unmatched
141347,C548508,0,,unmatched
141429,C548513,0,,unmatched
141937,C548532,1,141932.0,unique_available_candidate
141938,C548532,1,141933.0,unique_available_candidate
141939,C548532,1,141934.0,unique_available_candidate
141940,C548532,1,141935.0,unique_available_candidate
141941,C548532,1,141936.0,unique_available_candidate
142029,C548543,0,,unmatched
142030,C548543,0,,unmatched
142270,C548564,0,,unmatched
142328,C548573,1,134472.0,unique_available_candidate
142329,C548576,1,137177.0,unique_available_candidate
142330,C548576,1,137176.0,unique_available_candidate
142331,C548576,0,,unmatched
142332,C548577,2,109089.0,multiple_available_candidates
142333,C548577,3,109078.0,multiple_available_candidates
142334,C548577,0,,unmatched
142335,C548577,0,,unmatched
142336,C548577,1,109092.0,unique_available_candidate
142353,C548605,0,,unmatched
142366,C548607,0,,unmatched
142367,C548609,1,136847.0,unique_available_candidate
142696,C548625,4,138936.0,multiple_available_candidates
142697,C548626,0,,unmatched
142703,C548628,1,98919.0,unique_available_candidate
142798,C548647,0,,unmatched
143221,C548667,0,,unmatched
143222,C548667,1,103604.0,unique_available_candidate
143344,C548695,0,,unmatched
143345,C548695,0,,unmatched
143346,C548695,2,102858.0,multiple_available_candidates
143831,C548713,0,,unmatched
143832,C548713,0,,unmatched
143833,C548713,0,,unmatched
144089,C548717,1,120860.0,unique_available_candidate
144091,C548721,0,,unmatched
144092,C548721,0,,unmatched
144093,C548722,0,,unmatched
144094,C548723,0,,unmatched
144095,C548723,0,,unmatched
144096,C548723,0,,unmatched
144097,C548723,0,,unmatched
144098,C548723,0,,unmatched
144099,C548724,2,140713.0,multiple_available_candidates
144113,C548727,0,,unmatched
144114,C548727,0,,unmatched
144182,C548729,1,132280.0,unique_available_candidate
144190,C548731,0,,unmatched
144333,C548738,1,128952.0,unique_available_candidate
144334,C548738,1,128951.0,unique_available_candidate
144533,C548748,1,144529.0,unique_available_candidate
144534,C548748,1,144523.0,unique_available_candidate
144535,C548748,1,144522.0,unique_available_candidate
144536,C548748,1,144524.0,unique_available_candidate
144537,C548748,1,144521.0,unique_available_candidate
144538,C548748,1,144525.0,unique_available_candidate
144539,C548748,1,144528.0,unique_available_candidate
144540,C548748,1,144532.0,unique_available_candidate
144541,C548748,1,144530.0,unique_available_candidate
144542,C548748,1,144531.0,unique_available_candidate
144543,C548748,1,144526.0,unique_available_candidate
144544,C548748,1,144527.0,unique_available_candidate
144830,C548830,5,144829.0,multiple_available_candidates
144831,C548830,4,144828.0,multiple_available_candidates
144832,C548830,3,144827.0,multiple_available_candidates
144833,C548830,2,144826.0,multiple_available_candidates
144834,C548834,1,144825.0,unique_available_candidate
144835,C548851,0,,unmatched
144836,C548851,0,,unmatched
144837,C548851,0,,unmatched
144841,C548857,1,144838.0,unique_available_candidate
144842,C548857,1,144839.0,unique_available_candidate
144843,C548857,1,144840.0,unique_available_candidate
145070,C548866,3,116458.0,multiple_available_candidates
145071,C548866,1,106896.0,unique_available_candidate
145261,C548891,0,,unmatched
145780,C548906,0,,unmatched
145784,C548908,0,,unmatched
145785,C548908,0,,unmatched
145832,C548914,1,145831.0,unique_available_candidate
145833,C548915,1,134091.0,unique_available_candidate
145834,C548915,1,134074.0,unique_available_candidate
145949,C548941,0,,unmatched
145956,C548947,0,,unmatched
145957,C548947,0,,unmatched
145958,C548947,0,,unmatched
145959,C548947,0,,unmatched
145960,C548947,0,,unmatched
146110,C548972,1,138872.0,unique_available_candidate
146111,C548972,1,138868.0,unique_available_candidate
146112,C548972,1,138877.0,unique_available_candidate
146113,C548972,1,138876.0,unique_available_candidate
146114,C548972,1,138875.0,unique_available_candidate
146115,C548972,1,138867.0,unique_available_candidate
146116,C548972,1,138869.0,unique_available_candidate
146117,C548972,1,138880.0,unique_available_candidate
146118,C548972,1,138873.0,unique_available_candidate
146119,C548972,1,138874.0,unique_available_candidate
146120,C548972,1,138871.0,unique_available_candidate
146121,C548972,1,138870.0,unique_available_candidate
146122,C548972,1,138865.0,unique_available_candidate
146123,C548972,1,138878.0,unique_available_candidate
146124,C548972,1,138866.0,unique_available_candidate
146125,C548972,1,138864.0,unique_available_candidate
146126,C548972,1,138863.0,unique_available_candidate
146127,C548972,1,138862.0,unique_available_candidate
146128,C548972,1,138879.0,unique_available_candidate
146180,C548976,1,144485.0,unique_available_candidate
146181,C548976,0,,unmatched
146182,C548976,0,,unmatched
146240,C548982,1,142179.0,unique_available_candidate
146582,C548995,2,125090.0,multiple_available_candidates
146583,C548995,1,112084.0,unique_available_candidate
146584,C548995,3,140958.0,multiple_available_candidates
146585,C548995,2,104552.0,multiple_available_candidates
146586,C548995,1,140962.0,unique_available_candidate
146655,C549013,0,,unmatched
146778,C549019,0,,unmatched
146779,C549019,0,,unmatched
146780,C549019,0,,unmatched
146781,C549019,0,,unmatched
146782,C549019,0,,unmatched
146988,C549039,0,,unmatched
146990,C549041,0,,unmatched
146991,C549041,1,131474.0,unique_available_candidate
146992,C549041,1,131476.0,unique_available_candidate
147016,C549045,1,113234.0,unique_available_candidate
147058,C549049,0,,unmatched
147059,C549050,0,,unmatched
147060,C549050,0,,unmatched
147061,C549051,1,145052.0,unique_available_candidate
147155,C549098,0,,unmatched
148086,C549162,0,,unmatched
148087,C549162,0,,unmatched
148141,C549184,0,,unmatched
148142,C549184,0,,unmatched
148143,C549184,0,,unmatched
148220,C549191,0,,unmatched
148312,C549230,1,142826.0,unique_available_candidate
148785,C549252,0,,unmatched
148786,C549252,0,,unmatched
148787,C549252,0,,unmatched
148788,C549253,0,,unmatched
148789,C549253,0,,unmatched
148790,C549253,0,,unmatched
148791,C549253,0,,unmatched
148792,C549253,0,,unmatched
148793,C549254,0,,unmatched
149045,C549265,0,,unmatched
149048,C549269,0,,unmatched
149049,C549269,0,,unmatched
149290,C549288,1,84996.0,unique_available_candidate
149291,C549288,0,,unmatched
149314,C549290,1,118656.0,unique_available_candidate
149915,C549315,0,,unmatched
149916,C549315,0,,unmatched
149917,C549315,0,,unmatched
150369,C549430,0,,unmatched
150370,C549430,0,,unmatched
150371,C549430,0,,unmatched
150459,C549437,0,,unmatched
150460,C549437,1,149239.0,unique_available_candidate
150461,C549437,1,149241.0,unique_available_candidate
150462,C549438,0,,unmatched
150463,C549438,0,,unmatched
150572,C549450,0,,unmatched
150591,C549452,0,,unmatched
151036,C549530,0,,unmatched
151037,C549530,0,,unmatched
151039,C549532,0,,unmatched
151040,C549533,0,,unmatched
151042,C549535,1,123909.0,unique_available_candidate
151087,C549540,1,90699.0,unique_available_candidate
151088,C549540,1,90710.0,unique_available_candidate
151173,C549544,1,151096.0,unique_available_candidate
151174,C549545,4,151168.0,multiple_available_candidates
151307,C549549,1,151233.0,unique_available_candidate
151308,C549549,1,151232.0,unique_available_candidate
151670,C549565,1,103477.0,unique_available_candidate
152236,C549580,0,,unmatched
152246,C549582,0,,unmatched
152564,C549666,0,,unmatched
152565,C549666,0,,unmatched
152566,C549666,0,,unmatched
152567,C549666,0,,unmatched
152568,C549666,0,,unmatched
152569,C549666,0,,unmatched
152570,C549666,0,,unmatched
152571,C549666,0,,unmatched
152572,C549666,0,,unmatched
152573,C549666,0,,unmatched
152574,C549666,0,,unmatched
152575,C549666,0,,unmatched
152576,C549666,0,,unmatched
152577,C549666,0,,unmatched
152578,C549666,0,,unmatched
152579,C549666,0,,unmatched
152580,C549666,0,,unmatched
152581,C549666,0,,unmatched
152582,C549666,0,,unmatched
152710,C549685,0,,unmatched
152711,C549686,1,148130.0,unique_available_candidate
152728,C549688,0,,unmatched
152844,C549692,1,93240.0,unique_available_candidate
152845,C549692,0,,unmatched
152846,C549692,0,,unmatched
152847,C549692,0,,unmatched
152848,C549692,0,,unmatched
152849,C549692,0,,unmatched
152850,C549692,0,,unmatched
153050,C549723,1,149696.0,unique_available_candidate
153135,C549731,0,,unmatched
153136,C549731,0,,unmatched
153137,C549731,1,135303.0,unique_available_candidate
153552,C549753,1,140233.0,unique_available_candidate
153553,C549753,2,140267.0,multiple_available_candidates
153647,C549783,0,,unmatched
153648,C549783,0,,unmatched
153649,C549783,0,,unmatched
153650,C549783,0,,unmatched
153651,C549783,0,,unmatched
153652,C549783,0,,unmatched
153677,C549786,1,132526.0,unique_available_candidate
153678,C549786,1,132530.0,unique_available_candidate
153679,C549786,2,132528.0,multiple_available_candidates
153680,C549786,1,132523.0,unique_available_candidate
153681,C549786,1,132524.0,unique_available_candidate
153682,C549786,1,132522.0,unique_available_candidate
153683,C549786,1,132529.0,unique_available_candidate
153684,C549786,1,132525.0,unique_available_candidate
153685,C549786,1,132527.0,unique_available_candidate
153686,C549788,0,,unmatched
153782,C549822,0,,unmatched
153783,C549822,0,,unmatched
153784,C549822,0,,unmatched
153785,C549823,0,,unmatched
153786,C549824,0,,unmatched
153787,C549824,0,,unmatched
153788,C549824,0,,unmatched
153833,C549827,1,153808.0,unique_available_candidate
154026,C549840,0,,unmatched
154255,C549895,1,84879.0,unique_available_candidate
154258,C549897,0,,unmatched
154259,C549898,0,,unmatched
154260,C549898,3,115396.0,multiple_available_candidates
154261,C549898,1,150544.0,unique_available_candidate
154262,C549899,0,,unmatched
154263,C549900,1,74334.0,unique_available_candidate
154264,C549900,0,,unmatched
154348,C549905,1,154327.0,unique_available_candidate
154349,C549905,0,,unmatched
154400,C549908,0,,unmatched
154458,C549912,0,,unmatched
154459,C549912,0,,unmatched
154460,C549913,0,,unmatched
154538,C549919,0,,unmatched
154539,C549919,0,,unmatched
154540,C549919,0,,unmatched
154541,C549919,0,,unmatched
154550,C549921,0,,unmatched
154551,C549921,0,,unmatched
154552,C549921,0,,unmatched
154553,C549922,0,,unmatched
154618,C549930,0,,unmatched
154627,C549931,0,,unmatched
154775,C549945,0,,unmatched
154776,C549945,1,124692.0,unique_available_candidate
154936,C549955,1,84148.0,unique_available_candidate
154937,C549955,0,,unmatched
155035,C549960,0,,unmatched
155037,C549962,1,155036.0,unique_available_candidate
155143,C549968,0,,unmatched
155159,C549973,0,,unmatched
155160,C549973,1,108626.0,unique_available_candidate
155417,C549986,0,,unmatched
155418,C549987,0,,unmatched
155419,C549987,1,113722.0,unique_available_candidate
155420,C549987,1,113719.0,unique_available_candidate
155421,C549987,0,,unmatched
155727,C550009,0,,unmatched
155728,C550010,0,,unmatched
155729,C550010,0,,unmatched
155742,C550013,0,,unmatched
155743,C550013,0,,unmatched
155744,C550013,0,,unmatched
155745,C550013,0,,unmatched
155746,C550013,0,,unmatched
155747,C550013,0,,unmatched
155748,C550014,1,149813.0,unique_available_candidate
155862,C550024,0,,unmatched
155863,C550024,0,,unmatched
155864,C550024,0,,unmatched
155865,C550026,0,,unmatched
155866,C550027,0,,unmatched
155867,C550028,3,153008.0,multiple_available_candidates
155868,C550029,0,,unmatched
156080,C550099,0,,unmatched
156081,C550099,0,,unmatched
156234,C550127,0,,unmatched
156235,C550127,0,,unmatched
156557,C550147,1,156556.0,unique_available_candidate
156768,C550165,0,,unmatched
156769,C550165,0,,unmatched
156805,C550168,0,,unmatched
156806,C550170,0,,unmatched
156807,C550171,0,,unmatched
156808,C550172,0,,unmatched
156818,C550174,0,,unmatched
156819,C550174,0,,unmatched
156820,C550174,0,,unmatched
156821,C550174,0,,unmatched
156822,C550174,0,,unmatched
156823,C550174,0,,unmatched
156824,C550176,0,,unmatched
156825,C550176,0,,unmatched
156826,C550177,0,,unmatched
156881,C550181,1,156583.0,unique_available_candidate
156882,C550181,1,156580.0,unique_available_candidate
156883,C550181,1,156591.0,unique_available_candidate
156884,C550181,1,156590.0,unique_available_candidate
156885,C550181,1,156576.0,unique_available_candidate
156886,C550181,1,156585.0,unique_available_candidate
156887,C550181,2,156586.0,multiple_available_candidates
156888,C550181,2,156619.0,multiple_available_candidates
156889,C550181,2,156620.0,multiple_available_candidates
156890,C550181,2,156621.0,multiple_available_candidates
156891,C550181,1,156592.0,unique_available_candidate
156892,C550181,2,156572.0,multiple_available_candidates
156893,C550181,2,156577.0,multiple_available_candidates
156894,C550181,1,156579.0,unique_available_candidate
156895,C550181,1,156578.0,unique_available_candidate
156896,C550181,1,156584.0,unique_available_candidate
156897,C550181,1,156582.0,unique_available_candidate
156898,C550181,1,156581.0,unique_available_candidate
156899,C550181,2,156575.0,multiple_available_candidates
156900,C550181,1,156574.0,unique_available_candidate
156901,C550181,1,156573.0,unique_available_candidate
157207,C550195,1,96063.0,unique_available_candidate
157208,C550195,0,,unmatched
157209,C550195,0,,unmatched
158579,C550300,0,,unmatched
158680,C550306,1,132943.0,unique_available_candidate
159614,C550349,0,,unmatched
159704,C550353,3,146669.0,multiple_available_candidates
159705,C550353,0,,unmatched
159706,C550353,0,,unmatched
159707,C550353,0,,unmatched
159708,C550353,3,155694.0,multiple_available_candidates
159709,C550353,1,119469.0,unique_available_candidate
159710,C550355,1,159703.0,unique_available_candidate
159711,C550356,0,,unmatched
159712,C550356,0,,unmatched
159718,C550358,0,,unmatched
159842,C550363,1,110513.0,unique_available_candidate
159851,C550365,1,142355.0,unique_available_candidate
159852,C550365,0,,unmatched
159930,C550423,1,147644.0,unique_available_candidate
159931,C550423,1,147642.0,unique_available_candidate
159932,C550423,1,147643.0,unique_available_candidate
159933,C550423,1,147645.0,unique_available_candidate
159934,C550423,1,147646.0,unique_available_candidate
159935,C550423,1,147647.0,unique_available_candidate
160038,C550442,0,,unmatched
160039,C550442,0,,unmatched
160040,C550442,0,,unmatched
160125,C550451,1,154249.0,unique_available_candidate
160126,C550451,0,,unmatched
160137,C550454,0,,unmatched
160138,C550455,0,,unmatched
160139,C550455,0,,unmatched
160140,C550455,0,,unmatched
160141,C550456,1,52772.0,unique_available_candidate
160142,C550456,0,,unmatched
160143,C550456,1,52709.0,unique_available_candidate
160144,C550456,1,52710.0,unique_available_candidate
160145,C550456,1,52711.0,unique_available_candidate
160564,C550463,0,,unmatched
160565,C550463,1,154045.0,unique_available_candidate
160633,C550466,0,,unmatched
161268,C550472,0,,unmatched
161550,C550475,0,,unmatched
161551,C550475,0,,unmatched
161552,C550475,0,,unmatched
161553,C550475,0,,unmatched
161554,C550475,0,,unmatched
161555,C550475,0,,unmatched
161556,C550475,0,,unmatched
161557,C550475,0,,unmatched
161558,C550475,0,,unmatched
161559,C550475,0,,unmatched
161560,C550475,0,,unmatched
161561,C550475,0,,unmatched
161562,C550475,0,,unmatched
161563,C550475,0,,unmatched
161564,C550475,0,,unmatched
161565,C550475,0,,unmatched
161566,C550475,0,,unmatched
161567,C550475,0,,unmatched
161568,C550475,0,,unmatched
161569,C550475,0,,unmatched
161570,C550475,0,,unmatched
161759,C550482,1,127115.0,unique_available_candidate
161760,C550484,1,156335.0,unique_available_candidate
161761,C550485,0,,unmatched
161762,C550485,0,,unmatched
161763,C550485,0,,unmatched
161764,C550486,0,,unmatched
161807,C550489,1,161758.0,unique_available_candidate
161875,C550494,1,78539.0,unique_available_candidate
161876,C550494,0,,unmatched
161877,C550494,1,87979.0,unique_available_candidate
161878,C550494,0,,unmatched
161879,C550494,0,,unmatched
161880,C550494,0,,unmatched
161881,C550494,0,,unmatched
162537,C550511,0,,unmatched
163041,C550529,0,,unmatched
163042,C550530,0,,unmatched
163043,C550530,0,,unmatched
163080,C550533,0,,unmatched
163081,C550534,1,152983.0,unique_available_candidate
163091,C550536,1,149880.0,unique_available_candidate
163092,C550537,0,,unmatched
163093,C550537,0,,unmatched
163094,C550538,0,,unmatched
163095,C550538,0,,unmatched
163104,C550540,0,,unmatched
163105,C550540,1,152461.0,unique_available_candidate
163505,C550609,1,162754.0,unique_available_candidate
163507,C550611,0,,unmatched
163550,C550614,0,,unmatched
163551,C550614,0,,unmatched
163552,C550614,0,,unmatched
164456,C550642,0,,unmatched
164493,C550646,0,,unmatched
164494,C550646,0,,unmatched
164495,C550646,0,,unmatched
164496,C550646,0,,unmatched
164497,C550647,1,154837.0,unique_available_candidate
164498,C550647,0,,unmatched
164499,C550648,0,,unmatched
164500,C550648,0,,unmatched
164502,C550650,0,,unmatched
164753,C550664,0,,unmatched
164783,C550668,0,,unmatched
164795,C550672,2,164794.0,multiple_available_candidates
164828,C550709,0,,unmatched
164829,C550709,0,,unmatched
164830,C550709,0,,unmatched
165019,C550751,0,,unmatched
165020,C550752,0,,unmatched
165125,C550770,0,,unmatched
165126,C550771,0,,unmatched
165304,C550780,0,,unmatched
165305,C550780,1,126366.0,unique_available_candidate
165399,C550787,0,,unmatched
165400,C550787,0,,unmatched
165549,C550807,1,154500.0,unique_available_candidate
165550,C550808,0,,unmatched
165551,C550808,0,,unmatched
165552,C550808,0,,unmatched
165553,C550808,0,,unmatched
165554,C550809,0,,unmatched
165555,C550810,0,,unmatched
165561,C550812,0,,unmatched
165562,C550812,1,151890.0,unique_available_candidate
165563,C550812,1,151891.0,unique_available_candidate
165564,C550814,0,,unmatched
165750,C550825,1,165480.0,unique_available_candidate
166515,C550932,0,,unmatched
166516,C550933,0,,unmatched
166524,C550935,0,,unmatched
166967,C550959,0,,unmatched
166979,C550961,0,,unmatched
166980,C550962,0,,unmatched
166981,C550962,0,,unmatched
167012,C550966,0,,unmatched
167056,C550969,0,,unmatched
168287,C551015,0,,unmatched
168288,C551015,0,,unmatched
168289,C551015,0,,unmatched
168290,C551015,0,,unmatched
168291,C551015,0,,unmatched
168292,C551015,0,,unmatched
168293,C551015,0,,unmatched
168294,C551015,0,,unmatched
168323,C551017,4,168298.0,multiple_available_candidates
168326,C551018,0,,unmatched
168327,C551018,1,149958.0,unique_available_candidate
168328,C551018,0,,unmatched
168329,C551018,0,,unmatched
168330,C551018,0,,unmatched
168331,C551018,0,,unmatched
168332,C551018,0,,unmatched
168333,C551018,0,,unmatched
168334,C551018,0,,unmatched
168583,C551061,0,,unmatched
168793,C551139,1,166499.0,unique_available_candidate
168794,C551139,1,166378.0,unique_available_candidate
168795,C551140,0,,unmatched
169159,C551167,0,,unmatched
169480,C551175,0,,unmatched
169490,C551178,0,,unmatched
169491,C551178,0,,unmatched
169492,C551178,0,,unmatched
169493,C551179,0,,unmatched
169494,C551180,1,113116.0,unique_available_candidate
169495,C551180,1,113118.0,unique_available_candidate
169496,C551180,1,113107.0,unique_available_candidate
169497,C551180,1,113117.0,unique_available_candidate
169498,C551180,1,113105.0,unique_available_candidate
169499,C551180,1,113104.0,unique_available_candidate
169541,C551190,0,,unmatched
169628,C551195,0,,unmatched
169629,C551195,0,,unmatched
169648,C551196,0,,unmatched
169649,C551196,0,,unmatched
169650,C551196,0,,unmatched
169651,C551196,0,,unmatched
169834,C551265,0,,unmatched
170321,C551285,0,,unmatched
170322,C551285,2,170314.0,multiple_available_candidates
170323,C551285,0,,unmatched
170324,C551285,0,,unmatched
170325,C551285,1,155892.0,unique_available_candidate
170326,C551285,1,148576.0,unique_available_candidate
170529,C551316,1,156853.0,unique_available_candidate
170530,C551316,2,156851.0,multiple_available_candidates
170544,C551329,0,,unmatched
170545,C551329,1,165173.0,unique_available_candidate
170546,C551330,0,,unmatched
170547,C551331,1,140368.0,unique_available_candidate
170561,C551333,0,,unmatched
170564,C551335,0,,unmatched
170565,C551335,0,,unmatched
170566,C551336,0,,unmatched
170899,C551348,1,90170.0,unique_available_candidate
171116,C551386,0,,unmatched
171127,C551388,1,137087.0,unique_available_candidate
171756,C551463,0,,unmatched
171757,C551463,0,,unmatched
171758,C551463,1,165855.0,unique_available_candidate
171759,C551464,1,93706.0,unique_available_candidate
171760,C551464,1,93699.0,unique_available_candidate
171761,C551464,0,,unmatched
171762,C551464,1,93697.0,unique_available_candidate
171763,C551464,1,93708.0,unique_available_candidate
171764,C551464,1,93707.0,unique_available_candidate
171765,C551464,0,,unmatched
171766,C551465,1,168636.0,unique_available_candidate
171767,C551465,0,,unmatched
171768,C551465,0,,unmatched
171769,C551466,2,166856.0,multiple_available_candidates
171981,C551508,0,,unmatched
171982,C551508,1,116053.0,unique_available_candidate
171983,C551509,0,,unmatched
171984,C551510,1,166517.0,unique_available_candidate
171985,C551511,1,152441.0,unique_available_candidate
171986,C551511,1,152431.0,unique_available_candidate
171987,C551511,1,152444.0,unique_available_candidate
171988,C551511,0,,unmatched
171989,C551511,1,152446.0,unique_available_candidate
171990,C551511,0,,unmatched
171991,C551511,0,,unmatched
171992,C551512,1,154232.0,unique_available_candidate
171993,C551513,0,,unmatched
171994,C551513,0,,unmatched
171995,C551513,0,,unmatched
172190,C551521,0,,unmatched
172191,C551522,0,,unmatched
172192,C551522,0,,unmatched
172239,C551526,0,,unmatched
172481,C551540,1,120620.0,unique_available_candidate
172482,C551540,1,120621.0,unique_available_candidate
172483,C551540,2,120622.0,multiple_available_candidates
172484,C551540,1,120626.0,unique_available_candidate
172485,C551540,1,120628.0,unique_available_candidate
172486,C551540,2,120623.0,multiple_available_candidates
172487,C551540,2,120624.0,multiple_available_candidates
172488,C551540,1,120625.0,unique_available_candidate
172489,C551540,2,120627.0,multiple_available_candidates
172490,C551541,1,159070.0,unique_available_candidate
172685,C551551,2,119441.0,multiple_available_candidates
172686,C551551,3,159729.0,multiple_available_candidates
172687,C551551,2,169747.0,multiple_available_candidates
172688,C551551,0,,unmatched
172689,C551551,1,165803.0,unique_available_candidate
172690,C551551,0,,unmatched
172707,C551557,0,,unmatched
172912,C551585,0,,unmatched
172914,C551587,0,,unmatched
172915,C551587,1,166137.0,unique_available_candidate
172916,C551588,0,,unmatched
172917,C551588,0,,unmatched
172918,C551588,0,,unmatched
172962,C551602,0,,unmatched
173016,C551646,0,,unmatched
173079,C551648,0,,unmatched
173219,C551659,0,,unmatched
173220,C551659,0,,unmatched
173221,C551659,0,,unmatched
173222,C551659,0,,unmatched
173270,C551670,0,,unmatched
173273,C551674,0,,unmatched
173274,C551674,0,,unmatched
173275,C551683,0,,unmatched
173276,C551684,0,,unmatched
173277,C551685,0,,unmatched
173391,C551699,0,,unmatched
173411,C551712,0,,unmatched
173995,C551732,1,93160.0,unique_available_candidate
174046,C551737,2,153006.0,multiple_available_candidates
174264,C551778,0,,unmatched
174265,C551778,0,,unmatched
174677,C551841,0,,unmatched
174952,C551861,0,,unmatched
174953,C551861,0,,unmatched
174957,C551863,0,,unmatched
174958,C551863,0,,unmatched
174959,C551863,0,,unmatched
174960,C551864,0,,unmatched
174961,C551865,0,,unmatched
174962,C551865,0,,unmatched
174963,C551865,0,,unmatched
174964,C551867,0,,unmatched
175218,C551892,0,,unmatched
175279,C551947,0,,unmatched
175280,C551948,0,,unmatched
175281,C551948,0,,unmatched
175282,C551948,0,,unmatched
175283,C551948,0,,unmatched
175284,C551948,0,,unmatched
175285,C551948,0,,unmatched
175286,C551948,0,,unmatched
175287,C551948,0,,unmatched
175288,C551949,0,,unmatched
176390,C551999,0,,unmatched
176651,C552012,1,135397.0,unique_available_candidate
176746,C552014,0,,unmatched
176747,C552014,1,49375.0,unique_available_candidate
176748,C552015,0,,unmatched
176749,C552016,0,,unmatched
176768,C552019,0,,unmatched
176769,C552019,0,,unmatched
176770,C552020,0,,unmatched
176771,C552020,0,,unmatched
176772,C552021,0,,unmatched
176773,C552022,0,,unmatched
176799,C552024,1,167036.0,unique_available_candidate
176836,C552027,0,,unmatched
176837,C552029,0,,unmatched
176838,C552029,0,,unmatched
176839,C552029,0,,unmatched
176840,C552029,0,,unmatched
176841,C552029,0,,unmatched
176842,C552029,0,,unmatched
176843,C552029,0,,unmatched
176844,C552030,0,,unmatched
176845,C552031,0,,unmatched
176846,C552031,0,,unmatched
176847,C552031,0,,unmatched
176848,C552031,0,,unmatched
177160,C552043,0,,unmatched
177220,C552047,1,157231.0,unique_available_candidate
177223,C552049,1,165028.0,unique_available_candidate
177224,C552049,1,165024.0,unique_available_candidate
177225,C552049,1,165025.0,unique_available_candidate
177226,C552049,1,165026.0,unique_available_candidate
177227,C552049,1,165027.0,unique_available_candidate
177703,C552173,1,174676.0,unique_available_candidate
177903,C552190,5,177902.0,multiple_available_candidates
177984,C552203,0,,unmatched
177994,C552212,0,,unmatched
177995,C552212,0,,unmatched
177996,C552213,0,,unmatched
177997,C552213,0,,unmatched
178796,C552237,0,,unmatched
178797,C552237,0,,unmatched
178798,C552237,0,,unmatched
178852,C552241,0,,unmatched
179028,C552258,1,75497.0,unique_available_candidate
179029,C552258,0,,unmatched
180068,C552300,0,,unmatched
180069,C552301,0,,unmatched
180070,C552301,0,,unmatched
180395,C552317,0,,unmatched
180677,C552334,0,,unmatched
180678,C552335,1,172530.0,unique_available_candidate
180753,C552339,1,148430.0,unique_available_candidate
180757,C552343,0,,unmatched
180969,C552406,0,,unmatched
180970,C552406,0,,unmatched
180971,C552406,0,,unmatched
180972,C552406,0,,unmatched
181009,C552423,0,,unmatched
181208,C552455,0,,unmatched
181258,C552458,0,,unmatched
181298,C552459,0,,unmatched
181299,C552462,0,,unmatched
182294,C552535,0,,unmatched
182295,C552535,0,,unmatched
182296,C552535,0,,unmatched
182441,C552546,1,182282.0,unique_available_candidate
182511,C552552,1,178795.0,unique_available_candidate
182512,C552552,2,178793.0,multiple_available_candidates
182513,C552552,2,178789.0,multiple_available_candidates
182514,C552552,1,178790.0,unique_available_candidate
182515,C552552,1,178791.0,unique_available_candidate
182516,C552552,3,178792.0,multiple_available_candidates
182517,C552552,1,178788.0,unique_available_candidate
182518,C552552,2,178794.0,multiple_available_candidates
182519,C552553,1,182482.0,unique_available_candidate
182562,C552556,1,177344.0,unique_available_candidate
182563,C552556,1,177340.0,unique_available_candidate
182564,C552556,1,177339.0,unique_available_candidate
182565,C552556,1,177348.0,unique_available_candidate
182566,C552556,1,177341.0,unique_available_candidate
182567,C552556,1,177342.0,unique_available_candidate
182568,C552556,1,177351.0,unique_available_candidate
182569,C552556,1,177345.0,unique_available_candidate
182570,C552556,1,177347.0,unique_available_candidate
182571,C552556,1,177346.0,unique_available_candidate
182572,C552556,1,177350.0,unique_available_candidate
182573,C552556,1,177343.0,unique_available_candidate
182574,C552556,2,177349.0,multiple_available_candidates
182721,C552564,1,173384.0,unique_available_candidate
182722,C552564,1,173383.0,unique_available_candidate
182728,C552568,0,,unmatched
182729,C552569,0,,unmatched
182730,C552570,1,105664.0,unique_available_candidate
182731,C552570,1,105663.0,unique_available_candidate
182836,C552585,0,,unmatched
182837,C552585,2,155704.0,multiple_available_candidates
183138,C552650,0,,unmatched
184585,C552698,0,,unmatched
184594,C552700,0,,unmatched
184595,C552701,0,,unmatched
184596,C552701,0,,unmatched
184781,C552704,0,,unmatched
184782,C552704,0,,unmatched
184783,C552704,0,,unmatched
184784,C552704,0,,unmatched
184785,C552704,0,,unmatched
184786,C552704,0,,unmatched
184787,C552705,0,,unmatched
184788,C552706,0,,unmatched
184789,C552706,0,,unmatched
184790,C552707,0,,unmatched
184804,C552709,0,,unmatched
184805,C552709,0,,unmatched
184806,C552709,0,,unmatched
184807,C552709,0,,unmatched
184922,C552718,0,,unmatched
184923,C552719,0,,unmatched
184924,C552720,0,,unmatched
184925,C552720,0,,unmatched
184926,C552720,0,,unmatched
184927,C552720,0,,unmatched
184945,C552722,0,,unmatched
185148,C552744,0,,unmatched
185166,C552765,1,172379.0,unique_available_candidate
185336,C552805,1,172658.0,unique_available_candidate
185337,C552805,1,172656.0,unique_available_candidate
185338,C552805,1,172651.0,unique_available_candidate
185339,C552805,1,172650.0,unique_available_candidate
185340,C552805,1,172649.0,unique_available_candidate
185341,C552805,1,172648.0,unique_available_candidate
185342,C552805,1,172647.0,unique_available_candidate
185343,C552805,1,172646.0,unique_available_candidate
185344,C552805,1,172645.0,unique_available_candidate
185345,C552805,1,172664.0,unique_available_candidate
185346,C552805,1,172663.0,unique_available_candidate
186012,C552841,2,180066.0,multiple_available_candidates
186013,C552841,1,180067.0,unique_available_candidate
186014,C552841,0,,unmatched
186015,C552841,3,180064.0,multiple_available_candidates
186016,C552841,1,180063.0,unique_available_candidate
186017,C552841,1,180062.0,unique_available_candidate
186102,C552849,2,186099.0,multiple_available_candidates
186103,C552849,1,186100.0,unique_available_candidate
186104,C552849,1,186101.0,unique_available_candidate
186230,C552856,0,,unmatched
186405,C552858,3,177782.0,multiple_available_candidates
186406,C552858,1,177781.0,unique_available_candidate
186407,C552858,4,177786.0,multiple_available_candidates
186433,C552863,0,,unmatched
186647,C552876,0,,unmatched
186923,C552889,0,,unmatched
187022,C552919,0,,unmatched
187023,C552936,0,,unmatched
187024,C552944,0,,unmatched
187609,C552995,0,,unmatched
188278,C553019,1,188277.0,unique_available_candidate
188279,C553020,0,,unmatched
188290,C553023,0,,unmatched
188291,C553024,0,,unmatched
188292,C553025,1,180995.0,unique_available_candidate
188293,C553025,0,,unmatched
188294,C553025,0,,unmatched
188295,C553025,0,,unmatched
188296,C553025,0,,unmatched
188297,C553026,0,,unmatched
188298,C553026,0,,unmatched
188299,C553026,0,,unmatched
188300,C553027,0,,unmatched
188301,C553028,0,,unmatched
188302,C553028,0,,unmatched
188303,C553029,1,178968.0,unique_available_candidate
188304,C553030,0,,unmatched
188305,C553031,0,,unmatched
188306,C553031,0,,unmatched
188307,C553031,2,180635.0,multiple_available_candidates
188308,C553031,0,,unmatched
188309,C553032,1,182427.0,unique_available_candidate
188310,C553032,0,,unmatched
188311,C553032,1,182437.0,unique_available_candidate
188312,C553033,1,141972.0,unique_available_candidate
188313,C553033,1,141942.0,unique_available_candidate
188314,C553033,0,,unmatched
188315,C553033,1,141948.0,unique_available_candidate
188316,C553033,1,175447.0,unique_available_candidate
188317,C553033,0,,unmatched
189411,C553150,2,146698.0,multiple_available_candidates
189412,C553150,7,177497.0,multiple_available_candidates
189413,C553150,1,165823.0,unique_available_candidate
189414,C553150,0,,unmatched
190937,C553222,0,,unmatched
190938,C553222,0,,unmatched
191066,C553230,0,,unmatched
191385,C553354,0,,unmatched
191386,C553355,0,,unmatched
191493,C553370,0,,unmatched
191494,C553370,0,,unmatched
191500,C553372,0,,unmatched
191501,C553372,0,,unmatched
191502,C553373,0,,unmatched
191503,C553373,0,,unmatched
191573,C553376,0,,unmatched
191574,C553376,0,,unmatched
191595,C553378,0,,unmatched
191596,C553378,0,,unmatched
192292,C553397,0,,unmatched
192365,C553407,0,,unmatched
192376,C553409,1,187046.0,unique_available_candidate
192435,C553414,4,171770.0,multiple_available_candidates
192564,C553424,0,,unmatched
192800,C553478,2,185395.0,multiple_available_candidates
192801,C553478,0,,unmatched
192802,C553478,0,,unmatched
192803,C553479,0,,unmatched
192804,C553479,0,,unmatched
192807,C553482,0,,unmatched
192808,C553483,1,175604.0,unique_available_candidate
192846,C553486,0,,unmatched
192988,C553502,0,,unmatched
193133,C553508,0,,unmatched
193134,C553510,0,,unmatched
193135,C553510,0,,unmatched
193136,C553511,0,,unmatched
193137,C553512,1,175845.0,unique_available_candidate
193138,C553512,1,175844.0,unique_available_candidate
193139,C553512,0,,unmatched
193140,C553513,0,,unmatched
193141,C553513,0,,unmatched
193142,C553514,2,182984.0,multiple_available_candidates
193163,C553516,3,191570.0,multiple_available_candidates
193164,C553516,0,,unmatched
193165,C553517,0,,unmatched
193166,C553518,0,,unmatched
193167,C553519,0,,unmatched
193444,C553528,0,,unmatched
193445,C553529,1,185578.0,unique_available_candidate
193446,C553530,0,,unmatched
193447,C553530,0,,unmatched
193448,C553530,0,,unmatched
193449,C553531,0,,unmatched
193450,C553531,0,,unmatched
193451,C553531,0,,unmatched
193452,C553531,0,,unmatched
193453,C553531,0,,unmatched
193454,C553531,0,,unmatched
193455,C553531,0,,unmatched
193456,C553532,0,,unmatched
193457,C553532,0,,unmatched
193458,C553533,1,180779.0,unique_available_candidate
193459,C553533,1,180778.0,unique_available_candidate
193460,C553533,0,,unmatched
193461,C553534,0,,unmatched
193508,C553536,0,,unmatched
194239,C553557,0,,unmatched
194240,C553557,0,,unmatched
194241,C553558,1,114764.0,unique_available_candidate
194243,C553560,1,194242.0,unique_available_candidate
194244,C553561,0,,unmatched
194245,C553561,0,,unmatched
194246,C553562,0,,unmatched
194247,C553563,0,,unmatched
194248,C553564,2,183128.0,multiple_available_candidates
194292,C553568,0,,unmatched
194293,C553568,1,191437.0,unique_available_candidate
194315,C553569,1,187124.0,unique_available_candidate
194537,C553656,0,,unmatched
194538,C553656,0,,unmatched
194727,C553665,0,,unmatched
194746,C553667,0,,unmatched
194747,C553667,1,191263.0,unique_available_candidate
194748,C553669,0,,unmatched
195075,C553687,0,,unmatched
195076,C553687,0,,unmatched
195077,C553687,0,,unmatched
195078,C553687,0,,unmatched
195079,C553687,1,9169.0,unique_available_candidate
195818,C553748,0,,unmatched
195819,C553748,0,,unmatched
195820,C553748,1,184453.0,unique_available_candidate
195923,C553763,0,,unmatched
195924,C553763,1,190437.0,unique_available_candidate
196121,C553780,0,,unmatched
196122,C553780,0,,unmatched
196123,C553780,0,,unmatched
196130,C553801,1,97390.0,unique_available_candidate
196361,C553840,0,,unmatched
196362,C553841,0,,unmatched
196465,C553851,0,,unmatched
196466,C553851,0,,unmatched
196467,C553851,0,,unmatched
196505,C553854,0,,unmatched
196506,C553854,0,,unmatched
196507,C553854,0,,unmatched
196807,C553862,0,,unmatched
196831,C553865,0,,unmatched
196832,C553866,0,,unmatched
196833,C553866,0,,unmatched
196834,C553866,0,,unmatched
196835,C553866,0,,unmatched
196915,C553875,1,195826.0,unique_available_candidate
196935,C553877,0,,unmatched
196936,C553877,0,,unmatched
196999,C553880,1,175121.0,unique_available_candidate
197000,C553880,1,175118.0,unique_available_candidate
197001,C553880,1,175119.0,unique_available_candidate
197002,C553880,1,175120.0,unique_available_candidate
197003,C553880,1,175122.0,unique_available_candidate
197004,C553880,1,175123.0,unique_available_candidate
197005,C553880,1,175124.0,unique_available_candidate
197414,C553903,0,,unmatched
197415,C553903,1,187910.0,unique_available_candidate
197416,C553904,0,,unmatched
197417,C553904,0,,unmatched
197418,C553905,1,171403.0,unique_available_candidate
197419,C553906,0,,unmatched
197420,C553906,0,,unmatched
197421,C553906,0,,unmatched
197422,C553906,0,,unmatched
197423,C553906,0,,unmatched
197424,C553906,0,,unmatched
197425,C553906,0,,unmatched
197426,C553906,1,172393.0,unique_available_candidate
197427,C553906,0,,unmatched
197428,C553906,0,,unmatched
197481,C553910,1,122224.0,unique_available_candidate
197482,C553910,1,86795.0,unique_available_candidate
197483,C553910,0,,unmatched
197484,C553910,0,,unmatched
197534,C553914,4,132922.0,multiple_available_candidates
197535,C553914,1,143386.0,unique_available_candidate
197536,C553914,1,143387.0,unique_available_candidate
197537,C553914,0,,unmatched
197670,C553924,0,,unmatched
197671,C553924,0,,unmatched
198029,C553998,2,188705.0,multiple_available_candidates
198030,C553999,0,,unmatched
198045,C554001,0,,unmatched
198046,C554002,0,,unmatched
198052,C554004,0,,unmatched
198053,C554005,1,172891.0,unique_available_candidate
198054,C554006,1,184960.0,unique_available_candidate
198055,C554006,1,184962.0,unique_available_candidate
198056,C554006,1,184959.0,unique_available_candidate
198092,C554010,0,,unmatched
198093,C554011,0,,unmatched
198094,C554012,0,,unmatched
198095,C554012,0,,unmatched
198253,C554025,0,,unmatched
198286,C554029,1,51109.0,unique_available_candidate
198287,C554029,0,,unmatched
199713,C554100,1,28007.0,unique_available_candidate
199714,C554100,0,,unmatched
199715,C554100,0,,unmatched
199716,C554100,0,,unmatched
199717,C554100,0,,unmatched
199718,C554100,0,,unmatched
199719,C554100,0,,unmatched
199720,C554100,0,,unmatched
199721,C554100,0,,unmatched
199722,C554100,0,,unmatched
199723,C554100,0,,unmatched
200351,C554127,0,,unmatched
200472,C554136,0,,unmatched
200549,C554140,1,144566.0,unique_available_candidate
200739,C554150,2,185285.0,multiple_available_candidates
200740,C554150,1,135024.0,unique_available_candidate
200741,C554150,0,,unmatched
200742,C554152,1,97483.0,unique_available_candidate
200743,C554153,1,83885.0,unique_available_candidate
200744,C554154,0,,unmatched
201006,C554197,3,200951.0,multiple_available_candidates
201007,C554203,0,,unmatched
201009,C554210,1,201008.0,unique_available_candidate
201071,C554266,0,,unmatched
201072,C554266,0,,unmatched
201073,C554266,0,,unmatched
201074,C554266,0,,unmatched
201075,C554266,0,,unmatched
201154,C554273,0,,unmatched
201552,C554300,0,,unmatched
201554,C554302,2,201553.0,multiple_available_candidates
201555,C554303,1,200745.0,unique_available_candidate
201575,C554308,1,201556.0,unique_available_candidate
201853,C554330,0,,unmatched
201854,C554330,0,,unmatched
201855,C554330,0,,unmatched
201856,C554330,0,,unmatched
201857,C554330,0,,unmatched
201858,C554330,0,,unmatched
201859,C554330,0,,unmatched
201860,C554330,0,,unmatched
201861,C554330,0,,unmatched
201862,C554330,0,,unmatched
201863,C554330,0,,unmatched
201864,C554331,0,,unmatched
201865,C554332,0,,unmatched
201866,C554332,0,,unmatched
201867,C554333,0,,unmatched
201868,C554333,0,,unmatched
201869,C554334,0,,unmatched
201870,C554335,0,,unmatched
201871,C554335,0,,unmatched
201872,C554335,0,,unmatched
201873,C554336,0,,unmatched
201874,C554336,0,,unmatched
201875,C554336,0,,unmatched
201876,C554336,0,,unmatched
201889,C554338,0,,unmatched
201890,C554339,0,,unmatched
201891,C554340,0,,unmatched
201892,C554340,2,196313.0,multiple_available_candidates
201893,C554341,0,,unmatched
201894,C554342,0,,unmatched
201895,C554343,0,,unmatched
201896,C554344,0,,unmatched
201897,C554344,0,,unmatched
201898,C554345,0,,unmatched
201899,C554345,0,,unmatched
201900,C554346,0,,unmatched
201901,C554346,0,,unmatched
201902,C554346,1,194389.0,unique_available_candidate
202090,C554361,0,,unmatched
202229,C554373,1,196882.0,unique_available_candidate
202230,C554374,1,174570.0,unique_available_candidate
202231,C554374,0,,unmatched
202540,C554477,0,,unmatched
202568,C554486,0,,unmatched
202569,C554486,2,95804.0,multiple_available_candidates
202691,C554493,0,,unmatched
203526,C554516,0,,unmatched
203527,C554517,0,,unmatched
203528,C554517,1,201492.0,unique_available_candidate
203529,C554517,1,201489.0,unique_available_candidate
203530,C554517,1,201491.0,unique_available_candidate
203531,C554518,0,,unmatched
203532,C554518,0,,unmatched
203533,C554519,0,,unmatched
203582,C554521,1,113231.0,unique_available_candidate
203583,C554522,0,,unmatched
203584,C554523,0,,unmatched
203586,C554525,0,,unmatched
203624,C554527,0,,unmatched
203625,C554527,0,,unmatched
203626,C554527,0,,unmatched
203627,C554528,1,191618.0,unique_available_candidate
203628,C554529,0,,unmatched
203629,C554529,0,,unmatched
203630,C554530,0,,unmatched
203631,C554530,0,,unmatched
203632,C554531,0,,unmatched
203633,C554531,0,,unmatched
203634,C554532,4,189577.0,multiple_available_candidates
203635,C554532,0,,unmatched
203636,C554532,0,,unmatched
203637,C554532,0,,unmatched
203638,C554533,1,192530.0,unique_available_candidate
203640,C554535,1,150615.0,unique_available_candidate
203641,C554536,0,,unmatched
203642,C554537,0,,unmatched
203643,C554537,1,187373.0,unique_available_candidate
203646,C554539,0,,unmatched
203647,C554539,0,,unmatched
203648,C554540,0,,unmatched
203649,C554540,0,,unmatched
203650,C554540,0,,unmatched
203651,C554540,0,,unmatched
203652,C554541,0,,unmatched
203682,C554544,0,,unmatched
203837,C554558,0,,unmatched
203838,C554558,0,,unmatched
204684,C554685,1,188722.0,unique_available_candidate
204685,C554685,0,,unmatched
204686,C554685,0,,unmatched
204687,C554686,1,185349.0,unique_available_candidate
204688,C554687,1,200570.0,unique_available_candidate
204689,C554688,0,,unmatched
204690,C554688,0,,unmatched
204691,C554689,0,,unmatched
204692,C554690,1,188876.0,unique_available_candidate
204693,C554690,0,,unmatched
204694,C554691,0,,unmatched
204695,C554692,0,,unmatched
204696,C554693,0,,unmatched
205195,C554715,0,,unmatched
205196,C554715,0,,unmatched
205197,C554715,0,,unmatched
205198,C554716,0,,unmatched
205199,C554716,0,,unmatched
205200,C554717,0,,unmatched
205201,C554717,0,,unmatched
205279,C554781,0,,unmatched
205315,C554790,1,205278.0,unique_available_candidate
205334,C554793,1,186010.0,unique_available_candidate
205935,C554846,1,200101.0,unique_available_candidate
205936,C554847,1,140913.0,unique_available_candidate
205937,C554847,2,199144.0,multiple_available_candidates
205938,C554848,0,,unmatched
205939,C554848,0,,unmatched
205940,C554848,0,,unmatched
205941,C554848,0,,unmatched
205942,C554849,0,,unmatched
205943,C554849,0,,unmatched
205944,C554849,0,,unmatched
205945,C554849,0,,unmatched
205952,C554851,0,,unmatched
205989,C554856,0,,unmatched
205990,C554856,0,,unmatched
206080,C554862,0,,unmatched
206081,C554863,0,,unmatched
206082,C554863,0,,unmatched
206083,C554864,0,,unmatched
206084,C554864,0,,unmatched
206117,C554867,0,,unmatched
206118,C554867,0,,unmatched
206119,C554867,0,,unmatched
206120,C554867,0,,unmatched
206127,C554870,0,,unmatched
206128,C554871,0,,unmatched
206129,C554871,1,197546.0,unique_available_candidate
206130,C554871,0,,unmatched
206131,C554872,0,,unmatched
206132,C554872,0,,unmatched
206133,C554872,0,,unmatched
206134,C554873,0,,unmatched
206135,C554874,0,,unmatched
206136,C554905,0,,unmatched
206137,C554905,0,,unmatched
206138,C554905,0,,unmatched
206139,C554905,1,202003.0,unique_available_candidate
206298,C554925,0,,unmatched
206299,C554925,0,,unmatched
206300,C554926,3,194361.0,multiple_available_candidates
206340,C554931,0,,unmatched
206341,C554931,1,88781.0,unique_available_candidate
206342,C554931,1,159725.0,unique_available_candidate
206343,C554931,0,,unmatched
207089,C554973,0,,unmatched
207301,C554983,0,,unmatched
207302,C554983,0,,unmatched
207808,C555006,1,203764.0,unique_available_candidate
207809,C555006,1,203763.0,unique_available_candidate
207868,C555013,0,,unmatched
207910,C555014,1,139454.0,unique_available_candidate
207911,C555014,0,,unmatched
207912,C555014,0,,unmatched
207913,C555014,0,,unmatched
207961,C555046,1,187231.0,unique_available_candidate
207962,C555054,1,201204.0,unique_available_candidate
207963,C555054,0,,unmatched
207964,C555054,0,,unmatched
207987,C555074,0,,unmatched
208181,C555100,1,205659.0,unique_available_candidate
208191,C555105,10,146701.0,multiple_available_candidates
209177,C555163,0,,unmatched
209218,C555196,1,168545.0,unique_available_candidate
209219,C555196,1,207619.0,unique_available_candidate
209220,C555196,1,186978.0,unique_available_candidate
209221,C555197,0,,unmatched
209418,C555239,1,68957.0,unique_available_candidate
209469,C555244,1,204327.0,unique_available_candidate
209470,C555244,0,,unmatched
209471,C555244,0,,unmatched
209502,C555246,0,,unmatched
209513,C555248,0,,unmatched
209589,C555252,0,,unmatched
209590,C555252,0,,unmatched
209591,C555253,0,,unmatched
209592,C555253,0,,unmatched
209593,C555254,0,,unmatched
209594,C555254,0,,unmatched
209595,C555254,0,,unmatched
209596,C555254,0,,unmatched
209597,C555255,0,,unmatched
209598,C555256,0,,unmatched
209643,C555258,0,,unmatched
209682,C555261,0,,unmatched
209683,C555262,1,199124.0,unique_available_candidate
209726,C555265,0,,unmatched
209730,C555267,0,,unmatched
209731,C555268,0,,unmatched
209732,C555268,0,,unmatched
209733,C555269,0,,unmatched
209735,C555271,0,,unmatched
209736,C555271,0,,unmatched
209737,C555272,1,191017.0,unique_available_candidate
209738,C555272,1,191018.0,unique_available_candidate
209739,C555273,0,,unmatched
209740,C555273,0,,unmatched
209741,C555273,0,,unmatched
209742,C555273,0,,unmatched
209743,C555274,0,,unmatched
210658,C555288,0,,unmatched
210659,C555288,1,200338.0,unique_available_candidate
210955,C555328,0,,unmatched
210956,C555328,1,205095.0,unique_available_candidate
210957,C555328,0,,unmatched
210958,C555329,0,,unmatched
210998,C555337,0,,unmatched
210999,C555338,1,158011.0,unique_available_candidate
211000,C555339,0,,unmatched
211103,C555341,0,,unmatched
211104,C555342,1,176862.0,unique_available_candidate
211135,C555345,0,,unmatched
211136,C555346,0,,unmatched
211137,C555346,0,,unmatched
211287,C555354,0,,unmatched
211288,C555355,1,175756.0,unique_available_candidate
211293,C555357,1,31076.0,unique_available_candidate
211294,C555358,0,,unmatched
211305,C555360,0,,unmatched
211306,C555360,1,206183.0,unique_available_candidate
211307,C555361,0,,unmatched
211308,C555361,0,,unmatched
211309,C555361,0,,unmatched
211332,C555362,0,,unmatched
211333,C555364,0,,unmatched
211334,C555364,0,,unmatched
211335,C555364,0,,unmatched
211336,C555365,0,,unmatched
211337,C555366,0,,unmatched
211338,C555366,0,,unmatched
211564,C555384,0,,unmatched
211565,C555384,0,,unmatched
211566,C555384,0,,unmatched
211567,C555384,0,,unmatched
211568,C555384,0,,unmatched
211570,C555386,0,,unmatched
211883,C555398,0,,unmatched
211884,C555398,0,,unmatched
212003,C555404,1,180441.0,unique_available_candidate
212110,C555409,0,,unmatched
212128,C555411,1,209645.0,unique_available_candidate
212264,C555421,1,204316.0,unique_available_candidate
212361,C555475,0,,unmatched
212362,C555475,0,,unmatched
212363,C555475,0,,unmatched
212476,C555487,1,210680.0,unique_available_candidate
213271,C555529,0,,unmatched
213291,C555532,0,,unmatched
213292,C555532,0,,unmatched
213293,C555532,0,,unmatched
214037,C555563,3,203566.0,multiple_available_candidates
214038,C555563,5,208355.0,multiple_available_candidates
214666,C555595,0,,unmatched
214667,C555595,0,,unmatched
214668,C555595,1,211250.0,unique_available_candidate
214669,C555596,0,,unmatched
214670,C555596,1,198132.0,unique_available_candidate
214671,C555597,0,,unmatched
214672,C555598,0,,unmatched
214673,C555598,0,,unmatched
214674,C555599,1,191600.0,unique_available_candidate
214675,C555600,0,,unmatched
214676,C555600,0,,unmatched
214736,C555605,0,,unmatched
214737,C555605,1,198811.0,unique_available_candidate
214738,C555605,0,,unmatched
214802,C555629,1,211591.0,unique_available_candidate
214888,C555636,1,214620.0,unique_available_candidate
214889,C555636,1,214621.0,unique_available_candidate
214890,C555636,1,214628.0,unique_available_candidate
214891,C555636,1,214629.0,unique_available_candidate
214892,C555636,1,214622.0,unique_available_candidate
214893,C555636,1,214627.0,unique_available_candidate
214894,C555636,1,214630.0,unique_available_candidate
214895,C555636,1,214609.0,unique_available_candidate
214896,C555636,1,214610.0,unique_available_candidate
214897,C555636,1,214611.0,unique_available_candidate
214898,C555636,1,214612.0,unique_available_candidate
214899,C555636,1,214613.0,unique_available_candidate
214900,C555636,1,214614.0,unique_available_candidate
214901,C555636,1,214615.0,unique_available_candidate
214902,C555636,1,214616.0,unique_available_candidate
214903,C555636,1,214617.0,unique_available_candidate
214904,C555636,1,214618.0,unique_available_candidate
214905,C555636,1,214619.0,unique_available_candidate
214906,C555636,1,214626.0,unique_available_candidate
214907,C555636,1,214624.0,unique_available_candidate
214908,C555636,1,214625.0,unique_available_candidate
214909,C555636,1,214623.0,unique_available_candidate
214989,C555639,0,,unmatched
214990,C555639,0,,unmatched
214991,C555639,0,,unmatched
215032,C555643,1,156525.0,unique_available_candidate
215260,C555652,0,,unmatched
215597,C555723,1,212569.0,unique_available_candidate
215598,C555723,0,,unmatched
215625,C555727,2,215599.0,multiple_available_candidates
215626,C555727,2,215601.0,multiple_available_candidates
215713,C555729,0,,unmatched
215714,C555729,0,,unmatched
215715,C555729,2,195306.0,multiple_available_candidates
215716,C555729,0,,unmatched
215717,C555729,0,,unmatched
215718,C555729,0,,unmatched
215719,C555729,0,,unmatched
215720,C555730,0,,unmatched
216277,C555837,0,,unmatched
216952,C555860,1,204128.0,unique_available_candidate
216972,C555864,0,,unmatched
216973,C555864,0,,unmatched
216974,C555864,0,,unmatched
217054,C555873,0,,unmatched
217055,C555873,0,,unmatched
217056,C555874,0,,unmatched
217075,C555877,0,,unmatched
217076,C555877,0,,unmatched
217077,C555877,1,192698.0,unique_available_candidate
217078,C555877,0,,unmatched
217079,C555877,0,,unmatched
217080,C555877,0,,unmatched
217082,C555879,0,,unmatched
217083,C555880,0,,unmatched
217084,C555881,0,,unmatched
217085,C555881,0,,unmatched
217086,C555881,0,,unmatched
217087,C555881,1,209142.0,unique_available_candidate
217088,C555881,0,,unmatched
217089,C555881,2,209174.0,multiple_available_candidates
217090,C555881,1,209147.0,unique_available_candidate
217091,C555882,0,,unmatched
217092,C555883,0,,unmatched
217097,C555885,0,,unmatched
217098,C555885,0,,unmatched
217099,C555889,1,108483.0,unique_available_candidate
217100,C555892,0,,unmatched
217155,C555908,0,,unmatched
217762,C555935,1,217754.0,unique_available_candidate
217763,C555935,1,217739.0,unique_available_candidate
217764,C555935,1,217738.0,unique_available_candidate
217765,C555935,1,217745.0,unique_available_candidate
217766,C555935,1,217751.0,unique_available_candidate
217767,C555935,1,217750.0,unique_available_candidate
217768,C555935,1,217753.0,unique_available_candidate
217769,C555935,1,217746.0,unique_available_candidate
217770,C555935,1,217742.0,unique_available_candidate
217771,C555935,2,217740.0,multiple_available_candidates
217772,C555935,2,217741.0,multiple_available_candidates
217773,C555935,4,217747.0,multiple_available_candidates
217774,C555935,1,217744.0,unique_available_candidate
217775,C555935,1,217749.0,unique_available_candidate
217776,C555935,1,217748.0,unique_available_candidate
217777,C555935,1,217752.0,unique_available_candidate
217778,C555935,2,217743.0,multiple_available_candidates
218101,C556011,0,,unmatched
218253,C556037,0,,unmatched
218652,C556057,0,,unmatched
219504,C556096,0,,unmatched
219522,C556101,0,,unmatched
220094,C556117,1,214582.0,unique_available_candidate
221712,C556265,0,,unmatched
221745,C556268,0,,unmatched
221746,C556268,1,203842.0,unique_available_candidate
221747,C556268,0,,unmatched
221748,C556268,0,,unmatched
221749,C556268,1,203841.0,unique_available_candidate
221750,C556268,1,203855.0,unique_available_candidate
221751,C556268,0,,unmatched
221752,C556269,1,191609.0,unique_available_candidate
221753,C556269,0,,unmatched
221754,C556270,0,,unmatched
221762,C556272,0,,unmatched
221763,C556273,0,,unmatched
221764,C556274,0,,unmatched
221765,C556275,0,,unmatched
221766,C556276,0,,unmatched
221767,C556276,0,,unmatched
221768,C556277,0,,unmatched
221769,C556277,0,,unmatched
221770,C556278,0,,unmatched
221823,C556281,0,,unmatched
221921,C556293,2,194522.0,multiple_available_candidates
221922,C556293,5,209394.0,multiple_available_candidates
221923,C556293,7,209395.0,multiple_available_candidates
221924,C556294,0,,unmatched
221925,C556295,0,,unmatched
221948,C556297,1,218489.0,unique_available_candidate
221949,C556297,1,218490.0,unique_available_candidate
222044,C556324,0,,unmatched
222045,C556324,1,204114.0,unique_available_candidate
222061,C556327,1,202190.0,unique_available_candidate
222256,C556414,0,,unmatched
222257,C556414,1,218681.0,unique_available_candidate
222606,C556436,0,,unmatched
222681,C556445,0,,unmatched
222692,C556448,2,222680.0,multiple_available_candidates
222693,C556453,0,,unmatched
222714,C556457,0,,unmatched
222715,C556457,0,,unmatched
222716,C556457,0,,unmatched
222717,C556458,0,,unmatched
223824,C556493,0,,unmatched
223825,C556493,0,,unmatched
223826,C556493,0,,unmatched
223827,C556493,0,,unmatched
223828,C556493,0,,unmatched
223829,C556493,0,,unmatched
223830,C556493,0,,unmatched
224255,C556511,1,217654.0,unique_available_candidate
224383,C556518,1,223767.0,unique_available_candidate
224419,C556522,1,223446.0,unique_available_candidate
224503,C556530,1,223244.0,unique_available_candidate
224543,C556532,0,,unmatched
224544,C556532,0,,unmatched
224558,C556535,0,,unmatched
224559,C556535,0,,unmatched
224560,C556535,0,,unmatched
225040,C556633,0,,unmatched
225041,C556633,0,,unmatched
225042,C556634,0,,unmatched
225043,C556635,0,,unmatched
225044,C556635,0,,unmatched
225045,C556635,0,,unmatched
225046,C556635,0,,unmatched
225236,C556637,0,,unmatched
225237,C556637,0,,unmatched
225238,C556637,0,,unmatched
225239,C556638,1,220258.0,unique_available_candidate
225240,C556639,0,,unmatched
225254,C556640,1,130208.0,unique_available_candidate
225255,C556640,2,165668.0,multiple_available_candidates
225256,C556640,1,75689.0,unique_available_candidate
225257,C556640,0,,unmatched
225258,C556640,0,,unmatched
225279,C556643,0,,unmatched
225280,C556643,0,,unmatched
225281,C556643,3,200884.0,multiple_available_candidates
225282,C556644,1,221861.0,unique_available_candidate
225283,C556644,0,,unmatched
225284,C556644,0,,unmatched
225285,C556645,0,,unmatched
225286,C556646,0,,unmatched
225287,C556647,1,174007.0,unique_available_candidate
225288,C556647,1,174001.0,unique_available_candidate
225289,C556647,1,174002.0,unique_available_candidate
225290,C556647,1,173999.0,unique_available_candidate
225291,C556647,1,174000.0,unique_available_candidate
225292,C556647,1,174009.0,unique_available_candidate
225293,C556647,1,174010.0,unique_available_candidate
225294,C556647,1,174008.0,unique_available_candidate
225295,C556647,1,174006.0,unique_available_candidate
225296,C556647,1,174003.0,unique_available_candidate
225297,C556647,1,173997.0,unique_available_candidate
225298,C556647,1,174004.0,unique_available_candidate
225299,C556647,1,173998.0,unique_available_candidate
225300,C556647,1,174005.0,unique_available_candidate
225301,C556647,1,173996.0,unique_available_candidate
225302,C556647,1,183127.0,unique_available_candidate
225303,C556648,0,,unmatched
225304,C556648,0,,unmatched
225305,C556649,1,219521.0,unique_available_candidate
225306,C556656,0,,unmatched
225307,C556656,1,165680.0,unique_available_candidate
225308,C556656,0,,unmatched
225309,C556656,0,,unmatched
225310,C556656,0,,unmatched
225315,C556668,0,,unmatched
225316,C556668,0,,unmatched
225317,C556668,0,,unmatched
225318,C556669,0,,unmatched
225319,C556669,2,216128.0,multiple_available_candidates
225430,C556673,0,,unmatched
225431,C556675,0,,unmatched
225432,C556676,0,,unmatched
225433,C556677,0,,unmatched
225434,C556678,1,197293.0,unique_available_candidate
225715,C556729,0,,unmatched
225716,C556729,0,,unmatched
225717,C556729,0,,unmatched
225875,C556735,0,,unmatched
226321,C556787,0,,unmatched
226384,C556793,0,,unmatched
226385,C556793,0,,unmatched
226396,C556796,0,,unmatched
226498,C556807,0,,unmatched
226499,C556807,0,,unmatched
227073,C556818,1,159864.0,unique_available_candidate
227074,C556818,0,,unmatched
227398,C556869,1,205584.0,unique_available_candidate
227399,C556870,0,,unmatched
227400,C556874,0,,unmatched
227401,C556875,0,,unmatched
227481,C556877,0,,unmatched
227524,C556880,0,,unmatched
227525,C556880,0,,unmatched
227526,C556880,0,,unmatched
227625,C556888,0,,unmatched
227626,C556888,0,,unmatched
227627,C556888,0,,unmatched
227628,C556888,0,,unmatched
227629,C556888,0,,unmatched
227630,C556888,0,,unmatched
227631,C556888,2,193251.0,multiple_available_candidates
227685,C556896,0,,unmatched
227686,C556896,1,182523.0,unique_available_candidate
227687,C556896,0,,unmatched
227688,C556896,0,,unmatched
227689,C556896,1,182540.0,unique_available_candidate
227705,C556904,0,,unmatched
227937,C556911,0,,unmatched
227938,C556911,0,,unmatched
228293,C556919,0,,unmatched
228294,C556920,0,,unmatched
228295,C556920,0,,unmatched
228305,C556923,1,218533.0,unique_available_candidate
228323,C556925,0,,unmatched
228408,C556930,1,161717.0,unique_available_candidate
228689,C556938,0,,unmatched
228814,C556957,0,,unmatched
228904,C556966,0,,unmatched
228905,C556966,0,,unmatched
228906,C556966,0,,unmatched
228907,C556966,0,,unmatched
228908,C556966,1,201991.0,unique_available_candidate
228946,C557004,1,211207.0,unique_available_candidate
229271,C557022,1,212484.0,unique_available_candidate
229272,C557022,1,212517.0,unique_available_candidate
229382,C557037,0,,unmatched
229418,C557043,0,,unmatched
229419,C557043,0,,unmatched
229420,C557047,0,,unmatched
229421,C557047,1,54293.0,unique_available_candidate
229422,C557054,0,,unmatched
229423,C557054,0,,unmatched
229506,C557059,0,,unmatched
229507,C557060,3,208418.0,multiple_available_candidates
229508,C557061,0,,unmatched
229509,C557062,0,,unmatched
229510,C557062,0,,unmatched
229732,C557111,1,229731.0,unique_available_candidate
230365,C557142,0,,unmatched
230366,C557142,0,,unmatched
230462,C557148,1,163758.0,unique_available_candidate
230463,C557148,1,163759.0,unique_available_candidate
230464,C557148,1,163752.0,unique_available_candidate
230465,C557148,1,163751.0,unique_available_candidate
230547,C557154,0,,unmatched
230548,C557154,2,220378.0,multiple_available_candidates
230549,C557165,0,,unmatched
230550,C557175,0,,unmatched
230551,C557175,0,,unmatched
230959,C557224,0,,unmatched
230960,C557224,0,,unmatched
230961,C557224,4,117377.0,multiple_available_candidates
230962,C557224,0,,unmatched
230963,C557224,0,,unmatched
231197,C557249,1,215901.0,unique_available_candidate
231198,C557249,1,215906.0,unique_available_candidate
231199,C557249,0,,unmatched
231506,C557269,0,,unmatched
231507,C557269,0,,unmatched
231508,C557269,0,,unmatched
231509,C557269,0,,unmatched
231510,C557269,0,,unmatched
231511,C557269,0,,unmatched
231512,C557269,1,95415.0,unique_available_candidate
231794,C557282,0,,unmatched
231879,C557288,1,85808.0,unique_available_candidate
232058,C557300,0,,unmatched
232893,C557381,0,,unmatched
232894,C557387,0,,unmatched
232963,C557405,0,,unmatched
232964,C557405,0,,unmatched
232965,C557405,0,,unmatched
232966,C557405,0,,unmatched
232997,C557408,2,201805.0,multiple_available_candidates
233029,C557411,1,227586.0,unique_available_candidate
233030,C557411,1,227576.0,unique_available_candidate
233031,C557411,1,227582.0,unique_available_candidate
233033,C557413,0,,unmatched
233034,C557413,1,110255.0,unique_available_candidate
233035,C557413,1,110254.0,unique_available_candidate
233216,C557463,1,205801.0,unique_available_candidate
233218,C557465,0,,unmatched
233302,C557467,0,,unmatched
233303,C557467,0,,unmatched
233559,C557475,0,,unmatched
233577,C557478,0,,unmatched
233578,C557479,0,,unmatched
233770,C557487,0,,unmatched
234362,C557505,0,,unmatched
234363,C557508,1,194461.0,unique_available_candidate
234364,C557508,1,194462.0,unique_available_candidate
234373,C557512,0,,unmatched
234374,C557512,1,232261.0,unique_available_candidate
234375,C557512,1,232218.0,unique_available_candidate
234395,C557515,0,,unmatched
234396,C557515,0,,unmatched
234397,C557515,0,,unmatched
234398,C557515,0,,unmatched
234399,C557516,0,,unmatched
234400,C557516,0,,unmatched
234418,C557519,0,,unmatched
234419,C557519,0,,unmatched
234420,C557519,0,,unmatched
234421,C557520,0,,unmatched
234422,C557520,0,,unmatched
234423,C557521,0,,unmatched
234424,C557522,0,,unmatched
234536,C557566,0,,unmatched
234537,C557566,0,,unmatched
234538,C557566,0,,unmatched
235089,C557624,0,,unmatched
235090,C557624,0,,unmatched
235091,C557624,0,,unmatched
235203,C557629,0,,unmatched
235376,C557637,0,,unmatched
235377,C557637,0,,unmatched
235378,C557637,0,,unmatched
235379,C557638,0,,unmatched
235890,C557646,0,,unmatched
235891,C557647,0,,unmatched
235892,C557647,0,,unmatched
235893,C557648,0,,unmatched
235894,C557649,0,,unmatched
235895,C557650,0,,unmatched
235896,C557650,0,,unmatched
235897,C557651,0,,unmatched
235898,C557651,0,,unmatched
235899,C557651,0,,unmatched
235900,C557652,0,,unmatched
235901,C557653,0,,unmatched
235902,C557653,0,,unmatched
235903,C557653,0,,unmatched
235904,C557653,0,,unmatched
235905,C557654,0,,unmatched
235906,C557654,0,,unmatched
235907,C557654,0,,unmatched
235908,C557655,0,,unmatched
235909,C557656,0,,unmatched
235910,C557657,0,,unmatched
235911,C557658,0,,unmatched
235912,C557658,0,,unmatched
235913,C557658,0,,unmatched
235914,C557659,4,212685.0,multiple_available_candidates
235915,C557660,0,,unmatched
235916,C557661,1,224111.0,unique_available_candidate
235920,C557663,0,,unmatched
235921,C557663,0,,unmatched
235922,C557663,0,,unmatched
235923,C557663,0,,unmatched
235924,C557663,0,,unmatched
235925,C557663,0,,unmatched
235926,C557663,0,,unmatched
235927,C557663,0,,unmatched
235928,C557663,0,,unmatched
235929,C557663,0,,unmatched
235930,C557663,0,,unmatched
235931,C557663,0,,unmatched
235932,C557663,0,,unmatched
235933,C557663,0,,unmatched
235934,C557663,0,,unmatched
235935,C557663,0,,unmatched
235936,C557663,0,,unmatched
235937,C557663,0,,unmatched
235938,C557663,0,,unmatched
235939,C557663,0,,unmatched
235940,C557663,0,,unmatched
235941,C557663,0,,unmatched
235942,C557663,0,,unmatched
235943,C557663,0,,unmatched
235944,C557663,0,,unmatched
235945,C557663,0,,unmatched
235946,C557663,0,,unmatched
235947,C557663,0,,unmatched
235948,C557663,0,,unmatched
235949,C557663,0,,unmatched
235950,C557663,0,,unmatched
235951,C557663,0,,unmatched
235952,C557663,0,,unmatched
235953,C557663,0,,unmatched
235954,C557663,0,,unmatched
235955,C557663,0,,unmatched
235956,C557663,0,,unmatched
235957,C557663,0,,unmatched
235958,C557664,0,,unmatched
235959,C557664,0,,unmatched
235960,C557665,0,,unmatched
235961,C557665,0,,unmatched
235962,C557666,1,220156.0,unique_available_candidate
236115,C557709,0,,unmatched
236714,C557773,0,,unmatched
236764,C557779,0,,unmatched
236935,C557791,0,,unmatched
236936,C557791,1,139013.0,unique_available_candidate
237201,C557842,0,,unmatched
237202,C557842,0,,unmatched
237203,C557842,1,135735.0,unique_available_candidate
237204,C557842,0,,unmatched
237584,C557874,0,,unmatched
237605,C557876,0,,unmatched
237606,C557876,0,,unmatched
237718,C557879,0,,unmatched
237732,C557882,1,234660.0,unique_available_candidate
237733,C557883,1,200041.0,unique_available_candidate
237734,C557883,2,200089.0,multiple_available_candidates
237938,C557890,0,,unmatched
238067,C557895,1,112941.0,unique_available_candidate
238153,C557927,0,,unmatched
238568,C557941,0,,unmatched
238569,C557941,0,,unmatched
238577,C557943,0,,unmatched
238578,C557944,0,,unmatched
238579,C557944,0,,unmatched
238580,C557945,0,,unmatched
238581,C557946,0,,unmatched
238582,C557946,0,,unmatched
238583,C557947,0,,unmatched
239026,C557965,0,,unmatched
239065,C557971,0,,unmatched
239209,C558029,0,,unmatched
239210,C558029,0,,unmatched
239211,C558029,0,,unmatched
239250,C558036,0,,unmatched
239251,C558037,0,,unmatched
239404,C558048,0,,unmatched
239549,C558059,0,,unmatched
239550,C558059,0,,unmatched
239551,C558060,0,,unmatched
239552,C558061,0,,unmatched
240017,C558080,1,206233.0,unique_available_candidate
240018,C558080,0,,unmatched
240019,C558081,0,,unmatched
240020,C558082,0,,unmatched
240021,C558082,1,212120.0,unique_available_candidate
240168,C558088,0,,unmatched
240197,C558091,1,233131.0,unique_available_candidate
240225,C558095,1,231854.0,unique_available_candidate
240319,C558097,0,,unmatched
240320,C558097,1,240282.0,unique_available_candidate
240321,C558097,1,33763.0,unique_available_candidate
240322,C558097,0,,unmatched
240323,C558097,0,,unmatched
240324,C558097,0,,unmatched
240647,C558106,0,,unmatched
240648,C558106,1,144871.0,unique_available_candidate
240649,C558106,0,,unmatched
240650,C558106,0,,unmatched
240651,C558106,0,,unmatched
240672,C558110,1,220739.0,unique_available_candidate
240673,C558110,2,220754.0,multiple_available_candidates
240674,C558110,2,220761.0,multiple_available_candidates
240675,C558110,2,220760.0,multiple_available_candidates
240676,C558110,1,220748.0,unique_available_candidate
240677,C558110,1,220742.0,unique_available_candidate
240678,C558110,2,220755.0,multiple_available_candidates
240679,C558110,2,220756.0,multiple_available_candidates
240680,C558110,1,220753.0,unique_available_candidate
240681,C558110,2,220758.0,multiple_available_candidates
240682,C558110,2,220759.0,multiple_available_candidates
240683,C558110,2,220764.0,multiple_available_candidates
240684,C558110,2,220757.0,multiple_available_candidates
240685,C558110,1,220740.0,unique_available_candidate
240686,C558110,1,220767.0,unique_available_candidate
240687,C558110,0,,unmatched
240694,C558112,2,240691.0,multiple_available_candidates
240695,C558112,1,240693.0,unique_available_candidate
240696,C558112,1,240692.0,unique_available_candidate
240697,C558112,3,240688.0,multiple_available_candidates
240698,C558112,2,240689.0,multiple_available_candidates
240699,C558112,3,240690.0,multiple_available_candidates
241079,C558128,0,,unmatched
241080,C558129,0,,unmatched
241143,C558189,1,241117.0,unique_available_candidate
241426,C558202,1,42751.0,unique_available_candidate
241427,C558202,1,214035.0,unique_available_candidate
241428,C558202,3,225335.0,multiple_available_candidates
241680,C558239,0,,unmatched
241865,C558249,1,231919.0,unique_available_candidate
241866,C558252,0,,unmatched
241867,C558252,0,,unmatched
241868,C558252,0,,unmatched
241869,C558253,0,,unmatched
241870,C558253,0,,unmatched
241871,C558254,1,32645.0,unique_available_candidate
241872,C558254,0,,unmatched
241873,C558255,0,,unmatched
241874,C558256,0,,unmatched
241875,C558256,0,,unmatched
241876,C558257,0,,unmatched
241877,C558257,0,,unmatched
241878,C558257,0,,unmatched
241879,C558257,0,,unmatched
241880,C558258,0,,unmatched
241881,C558258,0,,unmatched
242083,C558312,0,,unmatched
242084,C558313,0,,unmatched
242085,C558313,0,,unmatched
242249,C558326,0,,unmatched
242250,C558326,0,,unmatched
242251,C558327,1,211342.0,unique_available_candidate
242252,C558327,2,211424.0,multiple_available_candidates
242253,C558327,1,211340.0,unique_available_candidate
242282,C558329,1,211423.0,unique_available_candidate
242283,C558329,1,211339.0,unique_available_candidate
242442,C558347,0,,unmatched
242443,C558347,0,,unmatched
242444,C558347,0,,unmatched
242445,C558347,0,,unmatched
242446,C558347,0,,unmatched
242447,C558347,0,,unmatched
242465,C558349,0,,unmatched
242478,C558354,0,,unmatched
242479,C558354,0,,unmatched
242480,C558354,0,,unmatched
242481,C558354,0,,unmatched
242564,C558357,0,,unmatched
242565,C558357,0,,unmatched
242566,C558357,0,,unmatched
242589,C558359,0,,unmatched
242590,C558360,0,,unmatched
242591,C558360,0,,unmatched
242592,C558360,0,,unmatched
242593,C558361,0,,unmatched
242594,C558361,0,,unmatched
242595,C558361,0,,unmatched
242596,C558361,0,,unmatched
242597,C558361,0,,unmatched
242606,C558364,0,,unmatched
242607,C558364,0,,unmatched
243040,C558405,0,,unmatched
243153,C558422,0,,unmatched
243154,C558422,0,,unmatched
243155,C558422,4,230362.0,multiple_available_candidates
243156,C558423,0,,unmatched
243187,C558433,1,234666.0,unique_available_candidate
243188,C558434,0,,unmatched
243189,C558434,0,,unmatched
243208,C558436,1,205036.0,unique_available_candidate
243235,C558438,0,,unmatched
243238,C558439,0,,unmatched
243239,C558439,1,109900.0,unique_available_candidate
243240,C558439,1,216340.0,unique_available_candidate
243320,C558444,0,,unmatched
243321,C558444,0,,unmatched
243322,C558444,0,,unmatched
243323,C558444,0,,unmatched
243324,C558444,0,,unmatched
243325,C558444,0,,unmatched
243326,C558444,1,201102.0,unique_available_candidate
243327,C558444,0,,unmatched
243328,C558444,1,171670.0,unique_available_candidate
243329,C558444,2,201087.0,multiple_available_candidates
243330,C558444,0,,unmatched
243331,C558444,3,204223.0,multiple_available_candidates
243519,C558463,0,,unmatched
243520,C558463,0,,unmatched
243521,C558463,1,59434.0,unique_available_candidate
243522,C558463,0,,unmatched
243524,C558465,0,,unmatched
243525,C558466,0,,unmatched
243541,C558468,0,,unmatched
243542,C558469,0,,unmatched
243547,C558471,0,,unmatched
244399,C558521,0,,unmatched
244400,C558521,0,,unmatched
244401,C558522,0,,unmatched
244412,C558525,0,,unmatched
244425,C558530,2,50921.0,multiple_available_candidates
244426,C558531,5,234805.0,multiple_available_candidates
244799,C558553,0,,unmatched
244908,C558559,0,,unmatched
245108,C558575,2,235972.0,multiple_available_candidates
245556,C558615,0,,unmatched
246352,C558698,0,,unmatched
246353,C558698,0,,unmatched
246354,C558698,0,,unmatched
246708,C558712,0,,unmatched
246709,C558712,0,,unmatched
246710,C558712,0,,unmatched
246744,C558716,1,246734.0,unique_available_candidate
246745,C558716,1,246730.0,unique_available_candidate
246746,C558716,1,246735.0,unique_available_candidate
246747,C558716,1,246733.0,unique_available_candidate
246748,C558716,1,246732.0,unique_available_candidate
246749,C558716,1,246736.0,unique_available_candidate
246750,C558716,1,246729.0,unique_available_candidate
246751,C558716,1,246726.0,unique_available_candidate
246752,C558716,2,246728.0,multiple_available_candidates
246753,C558716,1,246727.0,unique_available_candidate
246754,C558716,1,246731.0,unique_available_candidate
246755,C558716,1,246738.0,unique_available_candidate
246756,C558716,1,246737.0,unique_available_candidate
246771,C558722,1,218481.0,unique_available_candidate
246775,C558726,0,,unmatched
246776,C558727,0,,unmatched
246777,C558727,0,,unmatched
246778,C558727,0,,unmatched
246779,C558727,0,,unmatched
246780,C558727,0,,unmatched
246781,C558727,0,,unmatched
246854,C558733,0,,unmatched
246856,C558735,0,,unmatched
246857,C558736,0,,unmatched
246858,C558736,0,,unmatched
246859,C558736,0,,unmatched
246892,C558739,0,,unmatched
246893,C558739,0,,unmatched
246904,C558745,0,,unmatched
246905,C558745,1,222635.0,unique_available_candidate
246906,C558745,0,,unmatched
246907,C558745,0,,unmatched
246908,C558745,0,,unmatched
246909,C558745,0,,unmatched
246910,C558745,0,,unmatched
246911,C558745,0,,unmatched
247088,C558753,1,190305.0,unique_available_candidate
247089,C558753,1,57520.0,unique_available_candidate
247090,C558753,1,190324.0,unique_available_candidate
247337,C558764,0,,unmatched
248486,C558859,2,230213.0,multiple_available_candidates
249107,C558882,0,,unmatched
249108,C558882,0,,unmatched
249109,C558883,1,243388.0,unique_available_candidate
249110,C558884,0,,unmatched
249284,C558897,1,249272.0,unique_available_candidate
249285,C558898,0,,unmatched
249286,C558898,0,,unmatched
249287,C558898,0,,unmatched
249288,C558899,0,,unmatched
249301,C558901,0,,unmatched
249327,C558903,0,,unmatched
249637,C558905,0,,unmatched
249638,C558905,0,,unmatched
249939,C558969,0,,unmatched
249940,C558969,0,,unmatched
249941,C558969,0,,unmatched
250124,C559003,0,,unmatched
250160,C559007,0,,unmatched
250161,C559007,2,245998.0,multiple_available_candidates
250162,C559008,2,247104.0,multiple_available_candidates
250163,C559008,2,247103.0,multiple_available_candidates
250255,C559012,2,245081.0,multiple_available_candidates
250256,C559012,0,,unmatched
250257,C559012,0,,unmatched
250339,C559019,1,250298.0,unique_available_candidate
250340,C559019,1,250300.0,unique_available_candidate
250341,C559019,1,250299.0,unique_available_candidate
250350,C559022,0,,unmatched
250423,C559030,0,,unmatched
250424,C559030,0,,unmatched
250425,C559030,0,,unmatched
250426,C559030,0,,unmatched
250427,C559030,0,,unmatched
250428,C559030,0,,unmatched
250429,C559030,0,,unmatched
250430,C559030,0,,unmatched
250431,C559030,1,229294.0,unique_available_candidate
250468,C559031,1,158707.0,unique_available_candidate
250469,C559033,0,,unmatched
250771,C559049,1,246355.0,unique_available_candidate
252022,C559059,1,249750.0,unique_available_candidate
252194,C559079,2,177522.0,multiple_available_candidates
252195,C559079,4,252123.0,multiple_available_candidates
252196,C559079,0,,unmatched
252197,C559079,1,218565.0,unique_available_candidate
252198,C559079,0,,unmatched
252281,C559105,0,,unmatched
252282,C559105,0,,unmatched
252283,C559105,1,94555.0,unique_available_candidate
252284,C559105,0,,unmatched
252783,C559136,0,,unmatched
252784,C559136,0,,unmatched
252785,C559136,0,,unmatched
252786,C559136,0,,unmatched
252787,C559136,0,,unmatched
252788,C559136,0,,unmatched
252789,C559136,0,,unmatched
252790,C559136,0,,unmatched
252827,C559140,1,236139.0,unique_available_candidate
252964,C559149,0,,unmatched
252965,C559149,1,249879.0,unique_available_candidate
253829,C559175,0,,unmatched
253832,C559189,1,245703.0,unique_available_candidate
253833,C559189,0,,unmatched
253834,C559193,0,,unmatched
253962,C559252,0,,unmatched
253963,C559253,0,,unmatched
253964,C559253,0,,unmatched
253965,C559253,0,,unmatched
253966,C559253,0,,unmatched
253967,C559253,0,,unmatched
253968,C559253,0,,unmatched
253969,C559253,0,,unmatched
253970,C559253,0,,unmatched
253971,C559253,0,,unmatched
254110,C559294,0,,unmatched
254262,C559303,0,,unmatched
254263,C559303,0,,unmatched
254368,C559309,4,211586.0,multiple_available_candidates
254710,C559334,1,221956.0,unique_available_candidate
254711,C559334,1,221955.0,unique_available_candidate
255422,C559344,0,,unmatched
255423,C559345,1,144305.0,unique_available_candidate
255439,C559347,0,,unmatched
255440,C559347,1,215947.0,unique_available_candidate
255441,C559347,1,215948.0,unique_available_candidate
255442,C559347,0,,unmatched
255443,C559347,1,215943.0,unique_available_candidate
255444,C559347,1,215945.0,unique_available_candidate
255445,C559347,1,215940.0,unique_available_candidate
255446,C559347,1,215939.0,unique_available_candidate
255447,C559347,1,215941.0,unique_available_candidate
255448,C559347,1,215935.0,unique_available_candidate
255449,C559347,1,215934.0,unique_available_candidate
255450,C559347,1,215933.0,unique_available_candidate
255451,C559347,1,215932.0,unique_available_candidate
255452,C559347,1,215938.0,unique_available_candidate
255453,C559347,1,215937.0,unique_available_candidate
255454,C559347,1,215946.0,unique_available_candidate
255455,C559347,1,215936.0,unique_available_candidate
255456,C559347,0,,unmatched
255457,C559348,1,160620.0,unique_available_candidate
255458,C559348,0,,unmatched
255495,C559351,1,211257.0,unique_available_candidate
255939,C559417,0,,unmatched
256171,C559461,0,,unmatched
256172,C559461,0,,unmatched
256173,C559461,0,,unmatched
256174,C559461,0,,unmatched
256175,C559461,0,,unmatched
256176,C559461,0,,unmatched
256177,C559461,0,,unmatched
256178,C559461,0,,unmatched
256179,C559461,0,,unmatched
256180,C559461,0,,unmatched
256259,C559467,0,,unmatched
256260,C559468,0,,unmatched
256274,C559470,0,,unmatched
256290,C559473,0,,unmatched
256291,C559474,0,,unmatched
256292,C559474,0,,unmatched
256304,C559486,0,,unmatched
256305,C559486,0,,unmatched
256306,C559486,1,232028.0,unique_available_candidate
256307,C559486,0,,unmatched
256308,C559486,0,,unmatched
256309,C559486,0,,unmatched
256310,C559486,0,,unmatched
256311,C559486,0,,unmatched
256312,C559486,0,,unmatched
256313,C559486,0,,unmatched
256314,C559486,1,232027.0,unique_available_candidate
256570,C559495,0,,unmatched
256571,C559495,0,,unmatched
256572,C559498,0,,unmatched
256573,C559498,0,,unmatched
256636,C559500,0,,unmatched
256644,C559502,0,,unmatched
256645,C559502,0,,unmatched
256646,C559502,0,,unmatched
256647,C559502,0,,unmatched
257479,C559530,0,,unmatched
257485,C559531,1,240204.0,unique_available_candidate
257486,C559533,0,,unmatched
257487,C559534,0,,unmatched
257669,C559540,1,257664.0,unique_available_candidate
258272,C559568,1,229379.0,unique_available_candidate
258334,C559608,0,,unmatched
258335,C559608,0,,unmatched
258336,C559608,0,,unmatched
258337,C559608,0,,unmatched
258440,C559651,3,258429.0,multiple_available_candidates
258554,C559659,0,,unmatched
258555,C559659,0,,unmatched
258606,C559663,1,213030.0,unique_available_candidate
258607,C559663,0,,unmatched
258608,C559663,0,,unmatched
258609,C559664,0,,unmatched
258610,C559664,0,,unmatched
258678,C559666,0,,unmatched
258679,C559666,0,,unmatched
258680,C559666,0,,unmatched
258681,C559667,0,,unmatched
258682,C559667,0,,unmatched
258721,C559670,0,,unmatched
258722,C559670,0,,unmatched
258723,C559670,1,83869.0,unique_available_candidate
258892,C559675,1,245647.0,unique_available_candidate
259033,C559681,0,,unmatched
259036,C559683,1,188450.0,unique_available_candidate
259713,C559705,0,,unmatched
259818,C559738,0,,unmatched
259819,C559739,0,,unmatched
259820,C559740,0,,unmatched
259821,C559741,0,,unmatched
259822,C559741,0,,unmatched
259823,C559742,3,244334.0,multiple_available_candidates
259824,C559742,3,244327.0,multiple_available_candidates
259825,C559742,3,244346.0,multiple_available_candidates
259826,C559742,3,244332.0,multiple_available_candidates
259827,C559742,3,244344.0,multiple_available_candidates
259828,C559742,3,244341.0,multiple_available_candidates
259829,C559742,3,244347.0,multiple_available_candidates
259830,C559743,0,,unmatched
259831,C559743,0,,unmatched
259832,C559744,0,,unmatched
259862,C559747,0,,unmatched
259863,C559747,0,,unmatched
260199,C559803,0,,unmatched
260360,C559808,0,,unmatched
261333,C559829,0,,unmatched
261334,C559830,0,,unmatched
261682,C559880,1,261652.0,unique_available_candidate
261746,C559882,1,254697.0,unique_available_candidate
261747,C559882,0,,unmatched
262287,C559908,1,211941.0,unique_available_candidate
262413,C559915,0,,unmatched
262414,C559917,0,,unmatched
263141,C559939,0,,unmatched
263142,C559939,1,76512.0,unique_available_candidate
263143,C559939,1,76527.0,unique_available_candidate
263144,C559939,2,226040.0,multiple_available_candidates
263145,C559939,1,76504.0,unique_available_candidate
263146,C559939,1,76525.0,unique_available_candidate
263147,C559939,1,76515.0,unique_available_candidate
263148,C559939,1,76493.0,unique_available_candidate
263149,C559939,2,113983.0,multiple_available_candidates
263150,C559939,1,76505.0,unique_available_candidate
263151,C559939,2,226054.0,multiple_available_candidates
263152,C559939,1,76514.0,unique_available_candidate
263153,C559939,1,76492.0,unique_available_candidate
263154,C559939,1,76497.0,unique_available_candidate
263155,C559939,1,76496.0,unique_available_candidate
263156,C559939,1,76507.0,unique_available_candidate
263157,C559939,0,,unmatched
263158,C559939,1,76495.0,unique_available_candidate
263159,C559939,1,76510.0,unique_available_candidate
263160,C559939,1,76509.0,unique_available_candidate
263161,C559939,1,76524.0,unique_available_candidate
263162,C559939,1,76518.0,unique_available_candidate
263163,C559939,1,76523.0,unique_available_candidate
263164,C559939,1,76520.0,unique_available_candidate
263165,C559939,1,76522.0,unique_available_candidate
263166,C559939,1,76526.0,unique_available_candidate
263167,C559939,1,76494.0,unique_available_candidate
263168,C559939,1,76517.0,unique_available_candidate
263169,C559939,1,76521.0,unique_available_candidate
263170,C559939,1,76502.0,unique_available_candidate
263171,C559939,1,76491.0,unique_available_candidate
263172,C559939,1,76490.0,unique_available_candidate
263190,C559947,1,54227.0,unique_available_candidate
263191,C559947,0,,unmatched
263219,C559949,0,,unmatched
263220,C559950,0,,unmatched
263221,C559950,1,100182.0,unique_available_candidate
263235,C559952,0,,unmatched
263236,C559952,0,,unmatched
263237,C559952,0,,unmatched
263238,C559952,0,,unmatched
263239,C559952,0,,unmatched
263240,C559953,0,,unmatched
263312,C559983,1,263293.0,unique_available_candidate
263313,C559983,1,263294.0,unique_available_candidate
263314,C559983,1,263301.0,unique_available_candidate
263315,C559983,1,263302.0,unique_available_candidate
263316,C559983,1,263300.0,unique_available_candidate
263317,C559983,1,263297.0,unique_available_candidate
263318,C559983,1,263296.0,unique_available_candidate
263319,C559983,0,,unmatched
263320,C559983,1,263287.0,unique_available_candidate
263321,C559983,1,263285.0,unique_available_candidate
263322,C559983,1,263295.0,unique_available_candidate
263323,C559983,2,263275.0,multiple_available_candidates
263324,C559983,0,,unmatched
263325,C559983,0,,unmatched
263326,C559983,1,263271.0,unique_available_candidate
263482,C559992,0,,unmatched
263925,C560043,0,,unmatched
263926,C560044,0,,unmatched
263927,C560045,0,,unmatched
263928,C560045,0,,unmatched
263929,C560045,0,,unmatched
263930,C560046,0,,unmatched
264500,C560099,0,,unmatched
264501,C560100,0,,unmatched
264835,C560123,0,,unmatched
264836,C560124,0,,unmatched
264837,C560124,0,,unmatched
264925,C560148,1,89215.0,unique_available_candidate
264986,C560189,0,,unmatched
265049,C560206,2,263924.0,multiple_available_candidates
265069,C560208,0,,unmatched
265299,C560219,1,63004.0,unique_available_candidate
265300,C560220,1,64407.0,unique_available_candidate
265301,C560221,0,,unmatched
266075,C560242,0,,unmatched
266076,C560243,0,,unmatched
267174,C560289,0,,unmatched
267175,C560289,1,256670.0,unique_available_candidate
267176,C560289,0,,unmatched
267551,C560301,0,,unmatched
267594,C560317,0,,unmatched
267595,C560317,0,,unmatched
267598,C560330,3,244905.0,multiple_available_candidates
267599,C560330,4,257533.0,multiple_available_candidates
267600,C560330,2,264736.0,multiple_available_candidates
267601,C560331,0,,unmatched
267602,C560331,0,,unmatched
267873,C560365,0,,unmatched
267874,C560365,0,,unmatched
268027,C560372,0,,unmatched
268056,C560384,0,,unmatched
268120,C560386,0,,unmatched
268141,C560390,0,,unmatched
268142,C560391,0,,unmatched
268241,C560395,0,,unmatched
268242,C560395,0,,unmatched
268243,C560396,0,,unmatched
268244,C560396,0,,unmatched
268245,C560396,0,,unmatched
268308,C560408,0,,unmatched
268309,C560409,2,244487.0,multiple_available_candidates
268310,C560409,1,244486.0,unique_available_candidate
268311,C560409,1,244485.0,unique_available_candidate
268312,C560409,1,244484.0,unique_available_candidate
268313,C560409,1,244483.0,unique_available_candidate
268314,C560409,1,244482.0,unique_available_candidate
268315,C560409,1,244481.0,unique_available_candidate
268316,C560409,1,244480.0,unique_available_candidate
268317,C560409,1,244479.0,unique_available_candidate
268318,C560409,1,244478.0,unique_available_candidate
268319,C560409,1,244477.0,unique_available_candidate
268320,C560409,1,244476.0,unique_available_candidate
268321,C560409,1,244475.0,unique_available_candidate
268322,C560409,1,244474.0,unique_available_candidate
268323,C560409,1,244473.0,unique_available_candidate
268324,C560409,1,244472.0,unique_available_candidate
268325,C560409,1,244471.0,unique_available_candidate
268326,C560409,1,244470.0,unique_available_candidate
268327,C560409,1,244469.0,unique_available_candidate
268328,C560409,1,244468.0,unique_available_candidate
268329,C560409,1,244467.0,unique_available_candidate
268330,C560409,1,244466.0,unique_available_candidate
268331,C560409,1,244465.0,unique_available_candidate
268332,C560409,1,244464.0,unique_available_candidate
268333,C560409,1,244463.0,unique_available_candidate
268334,C560409,1,244462.0,unique_available_candidate
268335,C560409,1,244461.0,unique_available_candidate
268336,C560409,1,244460.0,unique_available_candidate
268337,C560409,1,244459.0,unique_available_candidate
268338,C560409,1,244458.0,unique_available_candidate
268339,C560409,1,244457.0,unique_available_candidate
268400,C560414,1,268399.0,unique_available_candidate
268429,C560418,0,,unmatched
268431,C560420,0,,unmatched
268476,C560430,0,,unmatched
269176,C560435,0,,unmatched
269177,C560436,0,,unmatched
269572,C560474,0,,unmatched
269926,C560526,0,,unmatched
269927,C560526,0,,unmatched
269928,C560533,0,,unmatched
269929,C560533,0,,unmatched
270052,C560540,1,269619.0,unique_available_candidate
270053,C560540,1,269598.0,unique_available_candidate
270054,C560540,1,269608.0,unique_available_candidate
270055,C560540,1,269641.0,unique_available_candidate
270056,C560540,1,269642.0,unique_available_candidate
270057,C560540,1,269643.0,unique_available_candidate
270058,C560540,1,269644.0,unique_available_candidate
270059,C560540,1,269588.0,unique_available_candidate
270060,C560540,1,269626.0,unique_available_candidate
270061,C560540,1,269633.0,unique_available_candidate
270062,C560540,1,269632.0,unique_available_candidate
270063,C560540,1,269603.0,unique_available_candidate
270064,C560540,1,269597.0,unique_available_candidate
270065,C560540,1,269627.0,unique_available_candidate
270066,C560540,1,269599.0,unique_available_candidate
270067,C560540,1,269605.0,unique_available_candidate
270068,C560540,1,269606.0,unique_available_candidate
270069,C560540,1,269601.0,unique_available_candidate
270070,C560540,1,269638.0,unique_available_candidate
270071,C560540,1,269607.0,unique_available_candidate
270072,C560540,1,269628.0,unique_available_candidate
270073,C560540,1,269589.0,unique_available_candidate
270074,C560540,1,269602.0,unique_available_candidate
270075,C560540,1,269616.0,unique_available_candidate
270076,C560540,1,269615.0,unique_available_candidate
270077,C560540,1,269620.0,unique_available_candidate
270078,C560540,1,269618.0,unique_available_candidate
270079,C560540,1,269617.0,unique_available_candidate
270080,C560540,1,269609.0,unique_available_candidate
270081,C560540,1,269610.0,unique_available_candidate
270082,C560540,1,269639.0,unique_available_candidate
270083,C560540,1,269630.0,unique_available_candidate
270084,C560540,1,269631.0,unique_available_candidate
270085,C560540,1,269629.0,unique_available_candidate
270086,C560540,1,269613.0,unique_available_candidate
270087,C560540,1,269614.0,unique_available_candidate
270088,C560540,1,269637.0,unique_available_candidate
270089,C560540,1,269635.0,unique_available_candidate
270090,C560540,1,269624.0,unique_available_candidate
270091,C560540,1,269591.0,unique_available_candidate
270092,C560540,1,269592.0,unique_available_candidate
270093,C560540,1,269640.0,unique_available_candidate
270094,C560540,1,269611.0,unique_available_candidate
270095,C560540,1,269612.0,unique_available_candidate
270096,C560540,1,269636.0,unique_available_candidate
270097,C560540,1,269604.0,unique_available_candidate
270098,C560540,1,269634.0,unique_available_candidate
270099,C560540,1,269623.0,unique_available_candidate
270100,C560540,1,269622.0,unique_available_candidate
270101,C560540,1,269594.0,unique_available_candidate
270102,C560540,1,269595.0,unique_available_candidate
270103,C560540,1,269590.0,unique_available_candidate
270104,C560540,1,269600.0,unique_available_candidate
270105,C560540,1,269596.0,unique_available_candidate
270106,C560540,1,269621.0,unique_available_candidate
270107,C560540,1,269625.0,unique_available_candidate
270108,C560540,1,269593.0,unique_available_candidate
270183,C560550,1,269548.0,unique_available_candidate
270300,C560556,0,,unmatched
270301,C560556,0,,unmatched
270302,C560556,0,,unmatched
270303,C560556,0,,unmatched
270317,C560558,0,,unmatched
270318,C560559,0,,unmatched
270319,C560559,0,,unmatched
270320,C560559,0,,unmatched
270321,C560560,0,,unmatched
270322,C560560,0,,unmatched
270323,C560561,0,,unmatched
270324,C560561,0,,unmatched
270335,C560563,0,,unmatched
270336,C560563,0,,unmatched
270337,C560564,0,,unmatched
270338,C560564,0,,unmatched
270557,C560572,0,,unmatched
270559,C560574,0,,unmatched
270771,C560585,0,,unmatched
270774,C560588,0,,unmatched
270775,C560588,0,,unmatched
270776,C560589,0,,unmatched
270777,C560589,0,,unmatched
270778,C560589,0,,unmatched
270779,C560589,0,,unmatched
270780,C560589,0,,unmatched
271030,C560608,0,,unmatched
271096,C560643,0,,unmatched
271143,C560645,0,,unmatched
271151,C560647,0,,unmatched
271159,C560649,0,,unmatched
271160,C560649,0,,unmatched
271161,C560649,0,,unmatched
271253,C560652,0,,unmatched
271254,C560652,0,,unmatched
271255,C560653,1,271252.0,unique_available_candidate
271256,C560654,0,,unmatched
271257,C560654,0,,unmatched
271274,C560687,0,,unmatched
271275,C560687,1,207607.0,unique_available_candidate
271523,C560699,0,,unmatched
272141,C560733,0,,unmatched
272143,C560735,0,,unmatched
273294,C560818,1,95216.0,unique_available_candidate
273295,C560818,0,,unmatched
273310,C560822,0,,unmatched
273311,C560823,0,,unmatched
273339,C560825,0,,unmatched
273444,C560832,0,,unmatched
273604,C560842,0,,unmatched
273679,C560855,0,,unmatched
273680,C560855,1,135650.0,unique_available_candidate
273681,C560855,0,,unmatched
273682,C560855,1,135653.0,unique_available_candidate
273683,C560855,0,,unmatched
273684,C560855,1,135662.0,unique_available_candidate
273685,C560855,0,,unmatched
273686,C560855,0,,unmatched
273687,C560855,0,,unmatched
273688,C560855,0,,unmatched
273689,C560855,0,,unmatched
273690,C560855,0,,unmatched
273691,C560855,0,,unmatched
273692,C560855,0,,unmatched
273693,C560855,0,,unmatched
273694,C560855,0,,unmatched
273695,C560855,1,135602.0,unique_available_candidate
273696,C560855,0,,unmatched
273697,C560855,0,,unmatched
273698,C560855,1,135594.0,unique_available_candidate
273699,C560855,0,,unmatched
273700,C560855,0,,unmatched
273701,C560855,0,,unmatched
273702,C560855,0,,unmatched
273703,C560855,0,,unmatched
273704,C560855,0,,unmatched
273705,C560855,0,,unmatched
273706,C560855,0,,unmatched
273707,C560855,0,,unmatched
273708,C560855,0,,unmatched
273709,C560855,1,135647.0,unique_available_candidate
273710,C560855,0,,unmatched
273711,C560855,0,,unmatched
273712,C560855,1,135644.0,unique_available_candidate
273713,C560855,0,,unmatched
273714,C560855,0,,unmatched
273715,C560855,0,,unmatched
273716,C560855,0,,unmatched
273717,C560855,1,145204.0,unique_available_candidate
273718,C560855,0,,unmatched
273719,C560855,0,,unmatched
273758,C560860,1,240520.0,unique_available_candidate
273907,C560866,0,,unmatched
273908,C560866,0,,unmatched
273909,C560866,0,,unmatched
273910,C560866,0,,unmatched
273935,C560869,0,,unmatched
273981,C560874,0,,unmatched
273982,C560874,0,,unmatched
274048,C560877,1,267893.0,unique_available_candidate
274094,C560880,0,,unmatched
274095,C560880,0,,unmatched
274333,C560898,0,,unmatched
274334,C560898,1,259923.0,unique_available_candidate
274335,C560899,4,272156.0,multiple_available_candidates
274371,C560902,2,267460.0,multiple_available_candidates
274372,C560902,0,,unmatched
274373,C560903,0,,unmatched
274374,C560904,0,,unmatched
274375,C560905,0,,unmatched
274386,C560907,0,,unmatched
274392,C560909,0,,unmatched
274393,C560909,0,,unmatched
274394,C560910,0,,unmatched
274395,C560910,0,,unmatched
274405,C560912,1,262553.0,unique_available_candidate
275076,C560932,1,148574.0,unique_available_candidate
275077,C560932,0,,unmatched
275078,C560932,0,,unmatched
275366,C560987,0,,unmatched
275413,C560990,0,,unmatched
275795,C561011,0,,unmatched
275796,C561012,0,,unmatched
275797,C561012,0,,unmatched
275798,C561013,0,,unmatched
275799,C561013,0,,unmatched
275800,C561013,0,,unmatched
275801,C561016,0,,unmatched
275802,C561017,2,264461.0,multiple_available_candidates
275803,C561018,0,,unmatched
275804,C561018,0,,unmatched
275805,C561019,1,264039.0,unique_available_candidate
276352,C561041,0,,unmatched
276353,C561041,0,,unmatched
276354,C561041,4,172144.0,multiple_available_candidates
276558,C561059,1,276031.0,unique_available_candidate
276559,C561059,3,276020.0,multiple_available_candidates
276560,C561059,0,,unmatched
276578,C561061,0,,unmatched
276667,C561069,1,195536.0,unique_available_candidate
276969,C561083,1,258016.0,unique_available_candidate
277362,C561104,0,,unmatched
277583,C561117,2,217905.0,multiple_available_candidates
277946,C561198,0,,unmatched
278383,C561210,0,,unmatched
278384,C561211,0,,unmatched
278549,C561212,0,,unmatched
279033,C561225,0,,unmatched
279046,C561227,1,276351.0,unique_available_candidate
279048,C561229,0,,unmatched
279049,C561229,0,,unmatched
279050,C561230,0,,unmatched
279072,C561232,0,,unmatched
279073,C561232,0,,unmatched
279074,C561232,0,,unmatched
279075,C561233,0,,unmatched
279076,C561233,0,,unmatched
279077,C561233,1,271017.0,unique_available_candidate
279078,C561233,0,,unmatched
279079,C561233,0,,unmatched
279080,C561233,0,,unmatched
279081,C561234,1,268492.0,unique_available_candidate
279125,C561235,0,,unmatched
279126,C561235,0,,unmatched
279127,C561235,0,,unmatched
279128,C561237,0,,unmatched
279129,C561238,0,,unmatched
279130,C561238,0,,unmatched
279131,C561239,0,,unmatched
279132,C561239,0,,unmatched
279133,C561239,0,,unmatched
279134,C561240,0,,unmatched
279374,C561319,1,274186.0,unique_available_candidate
279512,C561328,0,,unmatched
279513,C561328,0,,unmatched
279664,C561358,1,274024.0,unique_available_candidate
279665,C561358,0,,unmatched
279666,C561358,1,73737.0,unique_available_candidate
279993,C561370,0,,unmatched
280155,C561379,0,,unmatched
280156,C561380,0,,unmatched
280503,C561464,0,,unmatched
280567,C561469,0,,unmatched
280898,C561510,1,237991.0,unique_available_candidate
281666,C561586,1,275636.0,unique_available_candidate
281667,C561587,0,,unmatched
281668,C561588,0,,unmatched
281669,C561589,0,,unmatched
281670,C561589,0,,unmatched
281671,C561589,0,,unmatched
281672,C561589,0,,unmatched
281673,C561590,0,,unmatched
281674,C561591,1,276402.0,unique_available_candidate
281710,C561594,1,250069.0,unique_available_candidate
281711,C561594,1,250066.0,unique_available_candidate
281712,C561594,1,250057.0,unique_available_candidate
281713,C561594,1,250056.0,unique_available_candidate
281714,C561594,1,250055.0,unique_available_candidate
281715,C561594,1,250058.0,unique_available_candidate
281716,C561596,0,,unmatched
281717,C561596,0,,unmatched
281718,C561596,0,,unmatched
281725,C561598,0,,unmatched
281850,C561604,0,,unmatched
281876,C561606,0,,unmatched
281884,C561608,0,,unmatched
281885,C561608,0,,unmatched
281886,C561608,3,274383.0,multiple_available_candidates
281930,C561612,0,,unmatched
281931,C561613,0,,unmatched
281932,C561613,0,,unmatched
281933,C561613,4,277250.0,multiple_available_candidates
282047,C561619,0,,unmatched
282048,C561620,0,,unmatched
282049,C561621,0,,unmatched
282050,C561621,0,,unmatched
282051,C561622,0,,unmatched
282052,C561623,0,,unmatched
282053,C561623,0,,unmatched
282202,C561628,0,,unmatched
282442,C561649,1,282421.0,unique_available_candidate
282995,C561681,0,,unmatched
282996,C561682,0,,unmatched
282998,C561684,0,,unmatched
282999,C561684,0,,unmatched
283273,C561703,1,210524.0,unique_available_candidate
283274,C561703,0,,unmatched
283275,C561703,0,,unmatched
283276,C561703,0,,unmatched
283277,C561703,0,,unmatched
283465,C561725,2,127203.0,multiple_available_candidates
283466,C561725,2,235342.0,multiple_available_candidates
283467,C561725,4,271620.0,multiple_available_candidates
283468,C561725,4,257491.0,multiple_available_candidates
283600,C561793,0,,unmatched
283863,C561810,1,248789.0,unique_available_candidate
284782,C561886,0,,unmatched
285960,C561966,0,,unmatched
286074,C562016,1,283209.0,unique_available_candidate
286107,C562020,0,,unmatched
286119,C562022,0,,unmatched
286343,C562030,0,,unmatched
286766,C562041,1,283120.0,unique_available_candidate
287077,C562048,0,,unmatched
287078,C562048,0,,unmatched
287091,C562051,0,,unmatched
287103,C562062,0,,unmatched
287150,C562086,0,,unmatched
287227,C562097,0,,unmatched
287228,C562097,2,279347.0,multiple_available_candidates
287229,C562097,0,,unmatched
287230,C562097,2,204224.0,multiple_available_candidates
287231,C562097,3,211125.0,multiple_available_candidates
287232,C562097,0,,unmatched
287233,C562097,0,,unmatched
287234,C562097,0,,unmatched
287235,C562097,0,,unmatched
287599,C562110,0,,unmatched
287600,C562111,0,,unmatched
287944,C562115,0,,unmatched
287945,C562116,0,,unmatched
287946,C562117,0,,unmatched
287947,C562117,0,,unmatched
287948,C562118,0,,unmatched
287949,C562119,0,,unmatched
287950,C562119,0,,unmatched
287951,C562119,2,208718.0,multiple_available_candidates
287964,C562121,0,,unmatched
287965,C562121,0,,unmatched
287966,C562122,0,,unmatched
287971,C562124,0,,unmatched
287972,C562124,0,,unmatched
287973,C562124,0,,unmatched
287974,C562124,0,,unmatched
287975,C562124,0,,unmatched
287976,C562124,0,,unmatched
287977,C562124,3,269853.0,multiple_available_candidates
287988,C562126,0,,unmatched
287989,C562126,0,,unmatched
288181,C562139,0,,unmatched
288182,C562139,0,,unmatched
288183,C562139,0,,unmatched
288195,C562142,0,,unmatched
288220,C562144,1,271447.0,unique_available_candidate
288266,C562147,0,,unmatched
288267,C562147,0,,unmatched
288268,C562147,0,,unmatched
288269,C562147,0,,unmatched
288270,C562147,0,,unmatched
288271,C562147,0,,unmatched
288272,C562147,0,,unmatched
288294,C562149,0,,unmatched
288295,C562149,0,,unmatched
288296,C562149,0,,unmatched
288297,C562149,0,,unmatched
288298,C562149,0,,unmatched
288299,C562151,0,,unmatched
288328,C562154,1,277575.0,unique_available_candidate
288419,C562159,0,,unmatched
288420,C562160,0,,unmatched
288592,C562185,0,,unmatched
288593,C562188,0,,unmatched
288796,C562206,0,,unmatched
289131,C562221,8,276325.0,multiple_available_candidates
289132,C562221,1,276328.0,unique_available_candidate
289133,C562221,2,276324.0,multiple_available_candidates
289134,C562221,1,276331.0,unique_available_candidate
289135,C562221,3,276330.0,multiple_available_candidates
289136,C562221,1,276327.0,unique_available_candidate
289137,C562221,3,276326.0,multiple_available_candidates
289138,C562221,2,276329.0,multiple_available_candidates
289154,C562223,1,236095.0,unique_available_candidate
289497,C562267,2,249238.0,multiple_available_candidates
289498,C562267,1,116736.0,unique_available_candidate
289499,C562267,0,,unmatched
289500,C562267,2,249176.0,multiple_available_candidates
289691,C562280,0,,unmatched
289692,C562280,1,286020.0,unique_available_candidate
289693,C562281,0,,unmatched
289694,C562281,0,,unmatched
289695,C562281,0,,unmatched
289696,C562281,0,,unmatched
289697,C562281,1,274342.0,unique_available_candidate
290188,C562367,0,,unmatched
290346,C562375,2,290327.0,multiple_available_candidates
290347,C562375,2,290328.0,multiple_available_candidates
290348,C562375,2,290329.0,multiple_available_candidates
290349,C562375,4,290330.0,multiple_available_candidates
290350,C562375,2,290331.0,multiple_available_candidates
290351,C562375,2,290332.0,multiple_available_candidates
290352,C562375,2,290333.0,multiple_available_candidates
290353,C562375,2,290334.0,multiple_available_candidates
290354,C562375,2,290335.0,multiple_available_candidates
290355,C562375,2,290336.0,multiple_available_candidates
290356,C562375,4,290337.0,multiple_available_candidates
290357,C562375,3,290338.0,multiple_available_candidates
290358,C562375,2,290339.0,multiple_available_candidates
290359,C562375,2,290340.0,multiple_available_candidates
290360,C562375,2,290341.0,multiple_available_candidates
290361,C562375,2,290342.0,multiple_available_candidates
290362,C562375,2,290343.0,multiple_available_candidates
290363,C562375,2,290344.0,multiple_available_candidates
290364,C562375,2,290345.0,multiple_available_candidates
290365,C562375,2,290315.0,multiple_available_candidates
290366,C562375,2,290316.0,multiple_available_candidates
290367,C562375,2,290317.0,multiple_available_candidates
290368,C562375,4,290318.0,multiple_available_candidates
290369,C562375,2,290319.0,multiple_available_candidates
290370,C562375,2,290320.0,multiple_available_candidates
290371,C562375,2,290321.0,multiple_available_candidates
290372,C562375,2,290322.0,multiple_available_candidates
290373,C562375,2,290323.0,multiple_available_candidates
290374,C562375,2,290324.0,multiple_available_candidates
290375,C562375,2,290325.0,multiple_available_candidates
290376,C562375,6,290326.0,multiple_available_candidates
291071,C562423,0,,unmatched
291072,C562423,2,279304.0,multiple_available_candidates
291073,C562423,0,,unmatched
291075,C562425,0,,unmatched
291224,C562438,0,,unmatched
291225,C562438,0,,unmatched
291226,C562438,0,,unmatched
291227,C562438,0,,unmatched
291671,C562514,0,,unmatched
291672,C562515,0,,unmatched
291837,C562522,0,,unmatched
291838,C562522,0,,unmatched
292678,C562559,0,,unmatched
292679,C562559,1,187334.0,unique_available_candidate
292827,C562561,0,,unmatched
293097,C562577,0,,unmatched
293151,C562582,0,,unmatched
293152,C562582,0,,unmatched
293153,C562582,0,,unmatched
293154,C562582,0,,unmatched
293155,C562582,0,,unmatched
293156,C562582,0,,unmatched
293157,C562582,0,,unmatched
293158,C562582,0,,unmatched
293159,C562582,0,,unmatched
293375,C562594,1,293246.0,unique_available_candidate
293376,C562594,2,293249.0,multiple_available_candidates
293404,C562597,0,,unmatched
293438,C562601,0,,unmatched
293734,C562613,0,,unmatched
293783,C562617,0,,unmatched
293784,C562618,0,,unmatched
293785,C562618,0,,unmatched
293786,C562618,0,,unmatched
293816,C562620,0,,unmatched
293817,C562620,0,,unmatched
293839,C562622,1,242907.0,unique_available_candidate
293840,C562623,0,,unmatched
293841,C562623,0,,unmatched
293842,C562647,0,,unmatched
293843,C562648,1,94720.0,unique_available_candidate
293844,C562648,9,287175.0,multiple_available_candidates
293845,C562648,0,,unmatched
293883,C562651,1,281837.0,unique_available_candidate
293906,C562657,0,,unmatched
293907,C562661,1,279001.0,unique_available_candidate
294212,C562687,0,,unmatched
294213,C562687,0,,unmatched
294214,C562687,0,,unmatched
294215,C562687,1,256191.0,unique_available_candidate
294216,C562687,0,,unmatched
294217,C562687,0,,unmatched
294273,C562709,0,,unmatched
294274,C562709,0,,unmatched
294275,C562709,0,,unmatched
294276,C562709,0,,unmatched
294277,C562709,0,,unmatched
294278,C562709,0,,unmatched
294279,C562709,0,,unmatched
294280,C562709,0,,unmatched
294281,C562709,0,,unmatched
294894,C562726,0,,unmatched
294895,C562726,0,,unmatched
294923,C562728,0,,unmatched
294924,C562728,1,220220.0,unique_available_candidate
294925,C562728,1,220221.0,unique_available_candidate
295150,C562773,2,285213.0,multiple_available_candidates
295151,C562773,1,260328.0,unique_available_candidate
295152,C562773,1,267961.0,unique_available_candidate
295153,C562773,3,277485.0,multiple_available_candidates
295154,C562773,12,277457.0,multiple_available_candidates
295155,C562773,2,221382.0,multiple_available_candidates
295406,C562786,2,285658.0,multiple_available_candidates
295569,C562793,0,,unmatched
295570,C562794,0,,unmatched
295571,C562795,0,,unmatched
295572,C562795,0,,unmatched
295573,C562795,0,,unmatched
295574,C562795,0,,unmatched
295575,C562796,0,,unmatched
295576,C562797,0,,unmatched
295577,C562798,1,78330.0,unique_available_candidate
295578,C562799,0,,unmatched
295579,C562800,0,,unmatched
295580,C562801,0,,unmatched
295581,C562802,0,,unmatched
295582,C562802,0,,unmatched
295583,C562803,0,,unmatched
295584,C562803,0,,unmatched
295686,C562808,0,,unmatched
295702,C562811,1,284192.0,unique_available_candidate
295703,C562811,1,284191.0,unique_available_candidate
296009,C562845,1,293033.0,unique_available_candidate
296117,C562848,0,,unmatched
296209,C562876,0,,unmatched
296328,C562884,1,289511.0,unique_available_candidate
296337,C562887,1,212129.0,unique_available_candidate
296362,C562889,0,,unmatched
296487,C562909,0,,unmatched
296488,C562910,0,,unmatched
296489,C562911,0,,unmatched
296531,C562915,1,284663.0,unique_available_candidate
296561,C562921,0,,unmatched
296562,C562921,0,,unmatched
296563,C562921,0,,unmatched
296564,C562921,0,,unmatched
297369,C562938,0,,unmatched
297415,C562943,0,,unmatched
297521,C562952,0,,unmatched
297522,C562952,0,,unmatched
297523,C562952,0,,unmatched
297524,C562952,0,,unmatched
297525,C562952,0,,unmatched
297526,C562952,0,,unmatched
297527,C562952,0,,unmatched
297528,C562952,0,,unmatched
297529,C562952,0,,unmatched
297530,C562952,0,,unmatched
297531,C562952,0,,unmatched
297532,C562952,0,,unmatched
297533,C562952,0,,unmatched
297534,C562952,0,,unmatched
297535,C562952,0,,unmatched
297536,C562952,0,,unmatched
297537,C562952,0,,unmatched
297538,C562952,0,,unmatched
297539,C562952,0,,unmatched
297540,C562952,0,,unmatched
297541,C562953,0,,unmatched
297542,C562953,0,,unmatched
297543,C562953,0,,unmatched
297544,C562953,0,,unmatched
297545,C562953,0,,unmatched
297546,C562953,0,,unmatched
297547,C562953,0,,unmatched
297548,C562954,0,,unmatched
297549,C562954,0,,unmatched
297550,C562954,0,,unmatched
297904,C562956,0,,unmatched
297905,C562956,0,,unmatched
297906,C562957,0,,unmatched
297907,C562957,0,,unmatched
297908,C562958,0,,unmatched
297909,C562959,6,281879.0,multiple_available_candidates
297910,C562959,3,281881.0,multiple_available_candidates
297938,C562961,1,280798.0,unique_available_candidate
297939,C562961,0,,unmatched
297940,C562961,0,,unmatched
297941,C562961,0,,unmatched
297942,C562962,0,,unmatched
297943,C562962,0,,unmatched
298043,C562969,0,,unmatched
298044,C562969,1,291913.0,unique_available_candidate
298200,C562992,1,293561.0,unique_available_candidate
298857,C563068,0,,unmatched
298905,C563072,2,298699.0,multiple_available_candidates
299546,C563107,1,210529.0,unique_available_candidate
299547,C563107,0,,unmatched
299548,C563107,0,,unmatched
299549,C563107,0,,unmatched
299551,C563109,0,,unmatched
299552,C563109,0,,unmatched
300476,C563197,0,,unmatched
300628,C563207,1,168843.0,unique_available_candidate
300629,C563207,0,,unmatched
300630,C563207,0,,unmatched
300631,C563207,0,,unmatched
300632,C563207,0,,unmatched
300941,C563218,0,,unmatched
300942,C563219,0,,unmatched
300943,C563220,0,,unmatched
300944,C563220,0,,unmatched
300945,C563220,0,,unmatched
300946,C563221,0,,unmatched
300947,C563222,0,,unmatched
300948,C563223,0,,unmatched
300949,C563223,1,296402.0,unique_available_candidate
300950,C563224,0,,unmatched
300951,C563225,0,,unmatched
300952,C563226,0,,unmatched
301031,C563232,1,300972.0,unique_available_candidate
301108,C563240,0,,unmatched
301260,C563249,0,,unmatched
301378,C563258,0,,unmatched
301379,C563258,3,211124.0,multiple_available_candidates
301380,C563258,2,230964.0,multiple_available_candidates
301957,C563363,1,286802.0,unique_available_candidate
301958,C563363,0,,unmatched
302068,C563375,1,293963.0,unique_available_candidate
302069,C563375,1,293935.0,unique_available_candidate
302070,C563375,4,293913.0,multiple_available_candidates
302071,C563375,4,293952.0,multiple_available_candidates
302497,C563433,1,277757.0,unique_available_candidate
302498,C563433,1,160111.0,unique_available_candidate
302499,C563433,0,,unmatched
302793,C563446,0,,unmatched
302855,C563459,1,300569.0,unique_available_candidate
302929,C563483,0,,unmatched
302930,C563483,0,,unmatched
302931,C563483,0,,unmatched
303275,C563535,0,,unmatched
303276,C563536,0,,unmatched
303277,C563537,0,,unmatched
303755,C563553,1,170217.0,unique_available_candidate
303756,C563553,1,170218.0,unique_available_candidate
303757,C563553,1,170216.0,unique_available_candidate
303758,C563553,0,,unmatched
303759,C563553,0,,unmatched
303760,C563554,0,,unmatched
304342,C563570,1,259970.0,unique_available_candidate
304430,C563577,1,244404.0,unique_available_candidate
304431,C563577,1,244403.0,unique_available_candidate
304432,C563577,1,244402.0,unique_available_candidate
304625,C563586,0,,unmatched
304626,C563587,0,,unmatched
304660,C563591,0,,unmatched
304661,C563592,0,,unmatched
304662,C563593,0,,unmatched
304663,C563594,0,,unmatched
304664,C563595,0,,unmatched
304665,C563595,0,,unmatched
304666,C563596,0,,unmatched
304668,C563598,0,,unmatched
304669,C563599,0,,unmatched
304670,C563599,0,,unmatched
304671,C563599,0,,unmatched
304672,C563600,0,,unmatched
304673,C563600,0,,unmatched
304674,C563600,0,,unmatched
304675,C563600,0,,unmatched
304676,C563600,0,,unmatched
304677,C563600,0,,unmatched
304678,C563600,0,,unmatched
304679,C563600,4,293927.0,multiple_available_candidates
304680,C563600,0,,unmatched
304681,C563600,0,,unmatched
304682,C563600,0,,unmatched
304683,C563600,0,,unmatched
304684,C563601,0,,unmatched
304685,C563602,0,,unmatched
304686,C563603,0,,unmatched
304687,C563603,0,,unmatched
304688,C563604,0,,unmatched
304689,C563605,0,,unmatched
304690,C563606,2,296457.0,multiple_available_candidates
304691,C563606,2,296456.0,multiple_available_candidates
304692,C563606,2,296458.0,multiple_available_candidates
304693,C563607,0,,unmatched
304694,C563608,0,,unmatched
304695,C563608,0,,unmatched
304696,C563609,0,,unmatched
304697,C563610,0,,unmatched
304698,C563611,0,,unmatched
304699,C563611,0,,unmatched
304700,C563612,0,,unmatched
305197,C563655,2,105797.0,multiple_available_candidates
305198,C563655,4,216842.0,multiple_available_candidates
305199,C563655,1,305117.0,unique_available_candidate
305200,C563655,1,262229.0,unique_available_candidate
305481,C563693,0,,unmatched
305482,C563693,0,,unmatched
305831,C563716,0,,unmatched
306396,C563751,0,,unmatched
306397,C563752,0,,unmatched
306398,C563752,0,,unmatched
306399,C563752,0,,unmatched
306565,C563773,0,,unmatched
306723,C563838,1,302840.0,unique_available_candidate
306961,C563856,0,,unmatched
306962,C563856,0,,unmatched
307018,C563894,0,,unmatched
307019,C563894,1,307014.0,unique_available_candidate
307052,C563899,2,302895.0,multiple_available_candidates
307053,C563899,1,302888.0,unique_available_candidate
307468,C563918,0,,unmatched
308311,C563948,0,,unmatched
308312,C563948,0,,unmatched
308313,C563948,0,,unmatched
309161,C564063,0,,unmatched
309359,C564081,2,169823.0,multiple_available_candidates
309377,C564084,1,305344.0,unique_available_candidate
309573,C564094,0,,unmatched
309574,C564094,1,216563.0,unique_available_candidate
309588,C564104,0,,unmatched
309589,C564104,1,293538.0,unique_available_candidate
309590,C564108,0,,unmatched
309592,C564131,0,,unmatched
309606,C564134,0,,unmatched
309607,C564134,0,,unmatched
309608,C564134,0,,unmatched
309609,C564134,0,,unmatched
309691,C564138,0,,unmatched
309692,C564138,0,,unmatched
309693,C564138,0,,unmatched
309694,C564138,0,,unmatched
309695,C564138,0,,unmatched
309696,C564138,0,,unmatched
309697,C564138,0,,unmatched
309698,C564138,0,,unmatched
309864,C564142,0,,unmatched
309865,C564142,0,,unmatched
309866,C564142,0,,unmatched
310402,C564183,0,,unmatched
310403,C564183,0,,unmatched
310845,C564204,0,,unmatched
310847,C564206,0,,unmatched
310848,C564206,0,,unmatched
310849,C564206,0,,unmatched
310850,C564207,0,,unmatched
310851,C564207,0,,unmatched
310852,C564207,0,,unmatched
310853,C564208,0,,unmatched
310854,C564208,0,,unmatched
310855,C564209,0,,unmatched
310856,C564209,0,,unmatched
310857,C564210,0,,unmatched
310858,C564211,0,,unmatched
310859,C564211,0,,unmatched
310860,C564212,0,,unmatched
310861,C564212,0,,unmatched
310862,C564212,0,,unmatched
310863,C564212,0,,unmatched
310864,C564212,0,,unmatched
310865,C564213,0,,unmatched
310866,C564213,0,,unmatched
310867,C564214,0,,unmatched
310868,C564214,0,,unmatched
310869,C564215,0,,unmatched
310894,C564217,0,,unmatched
310895,C564217,0,,unmatched
310896,C564217,0,,unmatched
310897,C564217,0,,unmatched
310898,C564217,0,,unmatched
310899,C564217,0,,unmatched
310900,C564218,1,291437.0,unique_available_candidate
311271,C564232,0,,unmatched
311375,C564257,1,289180.0,unique_available_candidate
311392,C564276,1,236367.0,unique_available_candidate
311393,C564279,1,263803.0,unique_available_candidate
311394,C564279,1,263819.0,unique_available_candidate
311395,C564279,1,263813.0,unique_available_candidate
311396,C564279,1,263786.0,unique_available_candidate
311397,C564279,0,,unmatched
311398,C564281,0,,unmatched
311399,C564281,3,258758.0,multiple_available_candidates
311400,C564281,0,,unmatched
311401,C564281,4,311311.0,multiple_available_candidates
311402,C564281,4,311328.0,multiple_available_candidates
311403,C564281,0,,unmatched
311404,C564281,0,,unmatched
311405,C564299,1,281723.0,unique_available_candidate
311406,C564299,1,281701.0,unique_available_candidate
311803,C564320,0,,unmatched
311932,C564331,5,294930.0,multiple_available_candidates
312092,C564340,0,,unmatched
312246,C564341,0,,unmatched
312660,C564362,1,283040.0,unique_available_candidate
312661,C564362,0,,unmatched
312662,C564362,0,,unmatched
312663,C564362,2,283042.0,multiple_available_candidates
312725,C564368,0,,unmatched
312726,C564368,0,,unmatched
312727,C564368,0,,unmatched
312951,C564424,2,197687.0,multiple_available_candidates
312952,C564426,0,,unmatched
312953,C564426,0,,unmatched
312954,C564427,3,291592.0,multiple_available_candidates
312955,C564427,3,295303.0,multiple_available_candidates
312956,C564427,3,244860.0,multiple_available_candidates
312957,C564427,1,309850.0,unique_available_candidate
312958,C564427,12,303293.0,multiple_available_candidates
312959,C564427,0,,unmatched
313049,C564435,0,,unmatched
313261,C564478,2,269398.0,multiple_available_candidates
313357,C564486,0,,unmatched
313358,C564486,0,,unmatched
313359,C564486,0,,unmatched
313360,C564487,0,,unmatched
313361,C564488,0,,unmatched
313362,C564488,1,267892.0,unique_available_candidate
313363,C564488,0,,unmatched
313364,C564488,0,,unmatched
313365,C564488,0,,unmatched
313366,C564488,0,,unmatched
313367,C564488,0,,unmatched
313368,C564488,0,,unmatched
313369,C564488,1,267876.0,unique_available_candidate
313370,C564488,1,267885.0,unique_available_candidate
313371,C564488,0,,unmatched
313372,C564488,1,267884.0,unique_available_candidate
313373,C564488,0,,unmatched
313374,C564488,1,267880.0,unique_available_candidate
313375,C564488,0,,unmatched
313376,C564488,0,,unmatched
313377,C564488,1,267886.0,unique_available_candidate
313378,C564488,0,,unmatched
313418,C564490,0,,unmatched
313419,C564490,0,,unmatched
313420,C564491,1,208552.0,unique_available_candidate
313421,C564491,1,308121.0,unique_available_candidate
313422,C564492,0,,unmatched
313423,C564492,0,,unmatched
313424,C564493,0,,unmatched
313425,C564493,0,,unmatched
313426,C564493,0,,unmatched
313427,C564494,0,,unmatched
313461,C564498,0,,unmatched
313479,C564504,0,,unmatched
313480,C564506,1,301934.0,unique_available_candidate
313892,C564545,0,,unmatched
313893,C564545,0,,unmatched
314166,C564571,2,287167.0,multiple_available_candidates
314226,C564592,0,,unmatched
314788,C564655,0,,unmatched
314976,C564711,1,117922.0,unique_available_candidate
314977,C564711,1,117915.0,unique_available_candidate
314978,C564711,0,,unmatched
315549,C564730,3,264712.0,multiple_available_candidates
316165,C564748,0,,unmatched
316166,C564748,1,306877.0,unique_available_candidate
316167,C564748,1,306876.0,unique_available_candidate
316168,C564748,0,,unmatched
316169,C564748,2,306846.0,multiple_available_candidates
316219,C564751,0,,unmatched
316220,C564751,0,,unmatched
317309,C564759,0,,unmatched
317310,C564759,0,,unmatched
317311,C564759,0,,unmatched
317508,C564763,0,,unmatched
317545,C564812,0,,unmatched
317546,C564812,0,,unmatched
317547,C564812,0,,unmatched
317548,C564812,0,,unmatched
317549,C564813,0,,unmatched
319266,C564845,1,308184.0,unique_available_candidate
319412,C564854,0,,unmatched
319413,C564854,0,,unmatched
319414,C564854,0,,unmatched
319804,C564899,0,,unmatched
319805,C564899,5,310213.0,multiple_available_candidates
319806,C564899,3,314709.0,multiple_available_candidates
319807,C564900,0,,unmatched
319808,C564900,0,,unmatched
319824,C564903,0,,unmatched
319825,C564903,1,286369.0,unique_available_candidate
319826,C564903,1,286544.0,unique_available_candidate
319827,C564903,1,286570.0,unique_available_candidate
319828,C564903,0,,unmatched
319829,C564903,0,,unmatched
319830,C564903,0,,unmatched
319831,C564903,0,,unmatched
319832,C564903,0,,unmatched
319849,C564905,0,,unmatched
319850,C564905,0,,unmatched
319853,C564907,0,,unmatched
319854,C564907,0,,unmatched
319855,C564907,0,,unmatched
319856,C564907,0,,unmatched
319857,C564907,0,,unmatched
319858,C564907,0,,unmatched
319859,C564907,0,,unmatched
319860,C564908,0,,unmatched
319861,C564908,0,,unmatched
319862,C564908,1,312736.0,unique_available_candidate
319863,C564908,0,,unmatched
319864,C564908,0,,unmatched
319865,C564909,0,,unmatched
319866,C564909,0,,unmatched
319869,C564911,0,,unmatched
319889,C564913,0,,unmatched
319890,C564913,0,,unmatched
319891,C564913,0,,unmatched
319892,C564913,0,,unmatched
319893,C564913,0,,unmatched
319894,C564913,0,,unmatched
319911,C564940,2,298937.0,multiple_available_candidates
319912,C564940,0,,unmatched
319913,C564940,0,,unmatched
319914,C564940,0,,unmatched
319915,C564940,0,,unmatched
319916,C564940,0,,unmatched
319917,C564940,0,,unmatched
319918,C564940,0,,unmatched
319919,C564940,0,,unmatched
319920,C564941,1,238964.0,unique_available_candidate
319921,C564941,2,290300.0,multiple_available_candidates
319922,C564942,0,,unmatched
319937,C564944,3,312845.0,multiple_available_candidates
319938,C564945,0,,unmatched
319939,C564945,1,308423.0,unique_available_candidate
319940,C564946,0,,unmatched
319941,C564946,0,,unmatched
319942,C564946,0,,unmatched
319943,C564947,0,,unmatched
319944,C564948,0,,unmatched
319945,C564948,0,,unmatched
319971,C564949,1,309150.0,unique_available_candidate
319973,C564952,0,,unmatched
319974,C564952,0,,unmatched
319987,C564955,0,,unmatched
319988,C564955,0,,unmatched
319989,C564955,0,,unmatched
319990,C564955,0,,unmatched
319991,C564955,0,,unmatched
319992,C564955,0,,unmatched
319993,C564955,0,,unmatched
319994,C564955,0,,unmatched
319995,C564955,0,,unmatched
319996,C564956,0,,unmatched
319997,C564956,1,302261.0,unique_available_candidate
319998,C564956,1,302262.0,unique_available_candidate
319999,C564956,0,,unmatched
320000,C564956,0,,unmatched
320047,C564960,1,299338.0,unique_available_candidate
320048,C564960,1,299336.0,unique_available_candidate
320140,C564964,0,,unmatched
320141,C564964,0,,unmatched
320142,C564964,1,82679.0,unique_available_candidate
320143,C564964,1,42544.0,unique_available_candidate
320144,C564964,0,,unmatched
320172,C564971,0,,unmatched
320550,C564996,0,,unmatched
320551,C564997,0,,unmatched
320552,C564998,1,308227.0,unique_available_candidate
320553,C565001,0,,unmatched
320569,C565016,0,,unmatched
320570,C565016,0,,unmatched
320571,C565016,0,,unmatched
320572,C565023,0,,unmatched
320573,C565025,0,,unmatched
320574,C565025,0,,unmatched
320575,C565026,1,311832.0,unique_available_candidate
320578,C565044,0,,unmatched
320579,C565044,0,,unmatched
320580,C565044,0,,unmatched
320581,C565044,0,,unmatched
320582,C565044,0,,unmatched
320583,C565044,0,,unmatched
320584,C565044,0,,unmatched
320590,C565050,0,,unmatched
320591,C565050,0,,unmatched
320592,C565050,0,,unmatched
320593,C565050,1,299464.0,unique_available_candidate
320697,C565075,0,,unmatched
320698,C565075,0,,unmatched
320700,C565077,0,,unmatched
320701,C565077,0,,unmatched
320702,C565077,0,,unmatched
320703,C565077,1,314325.0,unique_available_candidate
320704,C565078,0,,unmatched
320728,C565085,1,193977.0,unique_available_candidate
320761,C565089,1,308596.0,unique_available_candidate
321203,C565140,12,315597.0,multiple_available_candidates
321204,C565140,9,309828.0,multiple_available_candidates
321205,C565140,6,300899.0,multiple_available_candidates
321971,C565215,0,,unmatched
322129,C565227,0,,unmatched
322132,C565229,0,,unmatched
323021,C565237,0,,unmatched
323022,C565237,0,,unmatched
323023,C565237,0,,unmatched
323024,C565237,0,,unmatched
323025,C565237,0,,unmatched
323242,C565284,0,,unmatched
323243,C565284,0,,unmatched
323244,C565284,0,,unmatched
323245,C565284,0,,unmatched
323246,C565284,0,,unmatched
323247,C565284,0,,unmatched
323248,C565284,0,,unmatched
323342,C565290,1,303111.0,unique_available_candidate
323368,C565294,1,319408.0,unique_available_candidate
323459,C565305,0,,unmatched
323460,C565305,1,51782.0,unique_available_candidate
323492,C565313,0,,unmatched
323597,C565323,2,249955.0,multiple_available_candidates
323598,C565323,2,314199.0,multiple_available_candidates
323599,C565323,1,306524.0,unique_available_candidate
323955,C565379,0,,unmatched
323956,C565379,0,,unmatched
324023,C565382,0,,unmatched
324132,C565390,0,,unmatched
324483,C565402,0,,unmatched
324484,C565402,0,,unmatched
324485,C565403,1,305082.0,unique_available_candidate
324904,C565422,0,,unmatched
324927,C565425,1,261627.0,unique_available_candidate
324928,C565425,1,261624.0,unique_available_candidate
324929,C565425,1,261623.0,unique_available_candidate
324930,C565425,0,,unmatched
325011,C565428,0,,unmatched
325012,C565428,0,,unmatched
325013,C565428,0,,unmatched
325014,C565428,0,,unmatched
325015,C565428,0,,unmatched
326187,C565477,0,,unmatched
326649,C565581,1,305824.0,unique_available_candidate
326650,C565582,3,326163.0,multiple_available_candidates
326853,C565597,0,,unmatched
326854,C565597,0,,unmatched
326855,C565597,0,,unmatched
326856,C565597,0,,unmatched
326954,C565615,0,,unmatched
326955,C565615,0,,unmatched
326956,C565615,0,,unmatched
326957,C565615,0,,unmatched
326958,C565615,0,,unmatched
326959,C565615,0,,unmatched
326960,C565615,0,,unmatched
326961,C565615,1,314949.0,unique_available_candidate
326962,C565615,1,314936.0,unique_available_candidate
327414,C565666,1,320677.0,unique_available_candidate
327415,C565666,1,320622.0,unique_available_candidate
327457,C565671,3,277817.0,multiple_available_candidates
327458,C565671,0,,unmatched
327636,C565681,1,327561.0,unique_available_candidate
327637,C565681,2,327565.0,multiple_available_candidates
327638,C565681,2,327564.0,multiple_available_candidates
327639,C565681,2,327559.0,multiple_available_candidates
327640,C565681,2,327558.0,multiple_available_candidates
327641,C565681,4,327563.0,multiple_available_candidates
327642,C565681,1,327557.0,unique_available_candidate
327643,C565681,1,327556.0,unique_available_candidate
327644,C565681,3,327562.0,multiple_available_candidates
327645,C565681,2,327555.0,multiple_available_candidates
327646,C565681,2,327560.0,multiple_available_candidates
327647,C565683,2,327566.0,multiple_available_candidates
328090,C565752,4,321280.0,multiple_available_candidates
328091,C565752,1,218648.0,unique_available_candidate
328153,C565761,1,320615.0,unique_available_candidate
328154,C565762,0,,unmatched
328578,C565789,0,,unmatched
328579,C565789,2,323105.0,multiple_available_candidates
328647,C565799,0,,unmatched
328768,C565804,0,,unmatched
329371,C565843,0,,unmatched
329372,C565843,1,277412.0,unique_available_candidate
329373,C565843,0,,unmatched
329629,C565848,0,,unmatched
329630,C565848,0,,unmatched
329631,C565848,4,180077.0,multiple_available_candidates
329632,C565848,2,180075.0,multiple_available_candidates
329633,C565848,4,180076.0,multiple_available_candidates
329634,C565848,2,236424.0,multiple_available_candidates
329635,C565848,0,,unmatched
329636,C565848,0,,unmatched
329637,C565848,0,,unmatched
329638,C565848,0,,unmatched
329639,C565848,0,,unmatched
329640,C565848,0,,unmatched
329641,C565848,0,,unmatched
329642,C565848,0,,unmatched
329643,C565848,1,39022.0,unique_available_candidate
329644,C565848,1,271484.0,unique_available_candidate
329645,C565848,1,271486.0,unique_available_candidate
329646,C565848,2,271490.0,multiple_available_candidates
329647,C565848,2,145184.0,multiple_available_candidates
329648,C565848,0,,unmatched
329649,C565848,0,,unmatched
329650,C565848,2,68315.0,multiple_available_candidates
329651,C565848,0,,unmatched
329652,C565848,0,,unmatched
329993,C565864,0,,unmatched
330769,C565925,0,,unmatched
331030,C565962,0,,unmatched
331031,C565962,0,,unmatched
331032,C565962,0,,unmatched
331033,C565962,0,,unmatched
331034,C565962,1,135593.0,unique_available_candidate
331035,C565962,0,,unmatched
331036,C565962,0,,unmatched
331037,C565962,0,,unmatched
331038,C565962,0,,unmatched
331039,C565962,0,,unmatched
331040,C565962,0,,unmatched
331279,C566007,1,331230.0,unique_available_candidate
331280,C566007,1,331205.0,unique_available_candidate
331382,C566011,0,,unmatched
331383,C566012,0,,unmatched
331803,C566036,0,,unmatched
332409,C566071,0,,unmatched
332410,C566071,0,,unmatched
332411,C566071,0,,unmatched
332412,C566071,1,253671.0,unique_available_candidate
332413,C566071,0,,unmatched
332414,C566071,0,,unmatched
332415,C566071,0,,unmatched
332535,C566078,0,,unmatched
332596,C566084,0,,unmatched
332597,C566084,0,,unmatched
332598,C566084,1,320208.0,unique_available_candidate
332599,C566084,0,,unmatched
332600,C566084,1,320209.0,unique_available_candidate
332682,C566088,0,,unmatched
332683,C566088,0,,unmatched
332691,C566090,0,,unmatched
332692,C566090,2,319461.0,multiple_available_candidates
332693,C566090,1,319449.0,unique_available_candidate
332885,C566161,0,,unmatched
333038,C566165,3,284385.0,multiple_available_candidates
333039,C566165,1,314159.0,unique_available_candidate
333040,C566165,0,,unmatched
333041,C566165,4,328660.0,multiple_available_candidates
333042,C566166,0,,unmatched
333043,C566167,0,,unmatched
333044,C566167,0,,unmatched
333045,C566167,0,,unmatched
333046,C566168,0,,unmatched
333122,C566174,0,,unmatched
333123,C566174,0,,unmatched
333134,C566176,0,,unmatched
333135,C566177,0,,unmatched
333167,C566180,0,,unmatched
333168,C566180,0,,unmatched
333169,C566180,0,,unmatched
333170,C566181,0,,unmatched
333171,C566181,0,,unmatched
333172,C566182,0,,unmatched
333173,C566183,0,,unmatched
333174,C566183,0,,unmatched
333199,C566185,0,,unmatched
333200,C566185,0,,unmatched
333201,C566185,0,,unmatched
333202,C566187,0,,unmatched
333482,C566197,3,143368.0,multiple_available_candidates
333645,C566205,1,333621.0,unique_available_candidate
333646,C566205,1,333619.0,unique_available_candidate
333647,C566205,0,,unmatched
333648,C566205,0,,unmatched
333663,C566209,0,,unmatched
333664,C566209,0,,unmatched
333779,C566216,0,,unmatched
334050,C566222,0,,unmatched
334051,C566223,0,,unmatched
334463,C566252,1,334415.0,unique_available_candidate
334653,C566263,0,,unmatched
335182,C566280,0,,unmatched
335183,C566280,0,,unmatched
335184,C566280,1,103395.0,unique_available_candidate
336254,C566313,1,263112.0,unique_available_candidate
336255,C566313,2,263121.0,multiple_available_candidates
336549,C566384,1,298853.0,unique_available_candidate
336550,C566384,0,,unmatched
336551,C566384,1,95218.0,unique_available_candidate
337009,C566423,0,,unmatched
337330,C566445,1,152091.0,unique_available_candidate
337331,C566445,0,,unmatched
337332,C566445,0,,unmatched
337333,C566445,0,,unmatched
337733,C566457,0,,unmatched
337734,C566458,0,,unmatched
337735,C566459,0,,unmatched
337736,C566459,0,,unmatched
337737,C566459,0,,unmatched
337738,C566460,0,,unmatched
337739,C566460,0,,unmatched
337740,C566460,0,,unmatched
337741,C566460,0,,unmatched
337742,C566460,0,,unmatched
337743,C566461,0,,unmatched
337744,C566462,0,,unmatched
337745,C566462,0,,unmatched
337746,C566462,0,,unmatched
337747,C566463,3,163990.0,multiple_available_candidates
337748,C566463,1,106686.0,unique_available_candidate
337749,C566464,0,,unmatched
337750,C566464,0,,unmatched
337753,C566466,0,,unmatched
337754,C566467,0,,unmatched
337755,C566467,2,287243.0,multiple_available_candidates
337756,C566467,0,,unmatched
337757,C566467,1,273251.0,unique_available_candidate
337758,C566467,0,,unmatched
337759,C566467,0,,unmatched
337760,C566467,0,,unmatched
337761,C566467,0,,unmatched
337762,C566467,0,,unmatched
337763,C566467,0,,unmatched
337764,C566467,0,,unmatched
337765,C566467,0,,unmatched
337766,C566467,1,224269.0,unique_available_candidate
337767,C566467,0,,unmatched
337768,C566467,0,,unmatched
337769,C566467,0,,unmatched
337770,C566467,0,,unmatched
337771,C566467,0,,unmatched
337772,C566467,0,,unmatched
337773,C566467,0,,unmatched
337774,C566467,0,,unmatched
337775,C566467,0,,unmatched
337776,C566468,0,,unmatched
337777,C566468,0,,unmatched
337778,C566468,0,,unmatched
337779,C566468,0,,unmatched
337780,C566468,0,,unmatched
337781,C566469,0,,unmatched
337782,C566470,0,,unmatched
337783,C566471,0,,unmatched
337784,C566472,2,289977.0,multiple_available_candidates
337785,C566473,1,267869.0,unique_available_candidate
337786,C566474,0,,unmatched
337787,C566475,0,,unmatched
338004,C566490,0,,unmatched
338848,C566565,0,,unmatched
339082,C566578,0,,unmatched
339083,C566579,0,,unmatched
339277,C566584,0,,unmatched
340186,C566611,0,,unmatched
340187,C566611,0,,unmatched
340223,C566613,0,,unmatched
340224,C566614,0,,unmatched
340389,C566626,0,,unmatched
340572,C566671,4,152794.0,multiple_available_candidates
340573,C566671,6,328261.0,multiple_available_candidates
340574,C566671,0,,unmatched
340575,C566671,9,335966.0,multiple_available_candidates
340576,C566671,10,335960.0,multiple_available_candidates
340577,C566672,0,,unmatched
340897,C566725,9,153003.0,multiple_available_candidates
341270,C566741,1,331712.0,unique_available_candidate
341271,C566741,1,331713.0,unique_available_candidate
341272,C566741,0,,unmatched
341273,C566741,0,,unmatched
341274,C566742,0,,unmatched
341275,C566742,0,,unmatched
341276,C566742,0,,unmatched
341277,C566742,0,,unmatched
341278,C566742,0,,unmatched
341279,C566743,1,311456.0,unique_available_candidate
341283,C566745,0,,unmatched
341284,C566745,0,,unmatched
341285,C566745,0,,unmatched
341286,C566745,0,,unmatched
341287,C566745,0,,unmatched
341311,C566748,1,339111.0,unique_available_candidate
341312,C566749,0,,unmatched
341313,C566749,0,,unmatched
341321,C566751,0,,unmatched
341322,C566751,4,293955.0,multiple_available_candidates
341323,C566751,0,,unmatched
341324,C566752,0,,unmatched
341325,C566753,0,,unmatched
341329,C566754,0,,unmatched
341561,C566758,0,,unmatched
341562,C566758,0,,unmatched
341705,C566775,1,285481.0,unique_available_candidate
341725,C566777,0,,unmatched
341726,C566777,0,,unmatched
341742,C566779,0,,unmatched
341743,C566780,0,,unmatched
341744,C566780,0,,unmatched
341773,C566782,0,,unmatched
341790,C566784,0,,unmatched
341791,C566785,0,,unmatched
341792,C566785,0,,unmatched
341793,C566785,0,,unmatched
342135,C566820,1,342118.0,unique_available_candidate
342611,C566889,0,,unmatched
342635,C566899,0,,unmatched
342996,C566925,5,304422.0,multiple_available_candidates
343171,C566939,0,,unmatched
343172,C566940,0,,unmatched
343173,C566940,0,,unmatched
343174,C566941,0,,unmatched
343175,C566942,4,336746.0,multiple_available_candidates
343176,C566942,2,336721.0,multiple_available_candidates
343177,C566942,0,,unmatched
343178,C566942,0,,unmatched
343179,C566942,0,,unmatched
343180,C566943,0,,unmatched
343181,C566944,0,,unmatched
343182,C566945,0,,unmatched
343183,C566946,0,,unmatched
343184,C566947,0,,unmatched
343185,C566947,0,,unmatched
343186,C566948,0,,unmatched
343659,C566953,1,328476.0,unique_available_candidate
343660,C566953,0,,unmatched
343661,C566953,1,340883.0,unique_available_candidate
343663,C566955,0,,unmatched
343664,C566956,0,,unmatched
343665,C566956,1,323494.0,unique_available_candidate
343666,C566957,0,,unmatched
343667,C566958,0,,unmatched
343713,C566960,0,,unmatched
343714,C566961,0,,unmatched
343715,C566961,0,,unmatched
343716,C566961,0,,unmatched
343750,C566963,1,328721.0,unique_available_candidate
343751,C566965,0,,unmatched
343752,C566966,0,,unmatched
343799,C566970,0,,unmatched
343800,C566970,0,,unmatched
344000,C566978,0,,unmatched
344220,C566986,0,,unmatched
344263,C566999,0,,unmatched
344437,C567065,1,344408.0,unique_available_candidate
344588,C567091,1,306431.0,unique_available_candidate
345009,C567130,0,,unmatched
345020,C567136,0,,unmatched
345143,C567147,0,,unmatched
345144,C567147,0,,unmatched
345145,C567147,0,,unmatched
345229,C567155,0,,unmatched
345739,C567177,1,335874.0,unique_available_candidate
345740,C567177,0,,unmatched
346548,C567187,0,,unmatched
346713,C567198,0,,unmatched
346714,C567198,0,,unmatched
346715,C567198,0,,unmatched
347132,C567289,0,,unmatched
347133,C567289,3,326754.0,multiple_available_candidates
347698,C567330,0,,unmatched
347699,C567330,0,,unmatched
347700,C567331,0,,unmatched
347701,C567331,0,,unmatched
347702,C567331,1,337884.0,unique_available_candidate
347703,C567332,0,,unmatched
347704,C567332,0,,unmatched
347705,C567332,0,,unmatched
347933,C567345,0,,unmatched
347934,C567347,0,,unmatched
347935,C567347,0,,unmatched
347936,C567348,0,,unmatched
347937,C567348,0,,unmatched
347938,C567348,0,,unmatched
347939,C567348,0,,unmatched
347940,C567349,0,,unmatched
347941,C567350,0,,unmatched
347942,C567351,0,,unmatched
347943,C567351,0,,unmatched
347944,C567351,0,,unmatched
347945,C567351,0,,unmatched
347946,C567351,0,,unmatched
347947,C567352,0,,unmatched
347950,C567355,0,,unmatched
347965,C567357,0,,unmatched
347966,C567358,0,,unmatched
347967,C567359,0,,unmatched
347968,C567359,0,,unmatched
347969,C567359,0,,unmatched
347970,C567359,0,,unmatched
347971,C567359,0,,unmatched
347972,C567359,0,,unmatched
347973,C567359,0,,unmatched
347974,C567360,0,,unmatched
347975,C567361,0,,unmatched
347980,C567365,1,308630.0,unique_available_candidate
347981,C567365,1,308631.0,unique_available_candidate
347982,C567365,1,308629.0,unique_available_candidate
348469,C567440,2,230257.0,multiple_available_candidates
349143,C567479,0,,unmatched
349688,C567518,0,,unmatched
349689,C567518,0,,unmatched
349690,C567518,0,,unmatched
349691,C567519,1,323238.0,unique_available_candidate
349692,C567520,0,,unmatched
349693,C567521,0,,unmatched
349694,C567521,2,331840.0,multiple_available_candidates
349750,C567527,1,348319.0,unique_available_candidate
349805,C567532,1,348589.0,unique_available_candidate
349806,C567532,1,348588.0,unique_available_candidate
349844,C567534,0,,unmatched
349845,C567534,0,,unmatched
349846,C567534,0,,unmatched
349847,C567534,0,,unmatched
349848,C567535,0,,unmatched
349849,C567535,0,,unmatched
349850,C567536,0,,unmatched
349851,C567536,0,,unmatched
349857,C567538,0,,unmatched
349871,C567540,0,,unmatched
349872,C567540,0,,unmatched
349873,C567540,0,,unmatched
349874,C567541,0,,unmatched
349875,C567541,0,,unmatched
349890,C567543,0,,unmatched
349891,C567543,0,,unmatched
349892,C567543,0,,unmatched
349893,C567543,0,,unmatched
349894,C567544,0,,unmatched
350239,C567620,0,,unmatched
350240,C567620,0,,unmatched
350285,C567624,1,348942.0,unique_available_candidate
350340,C567627,0,,unmatched
350341,C567627,0,,unmatched
350342,C567627,0,,unmatched
350343,C567627,0,,unmatched
350344,C567627,0,,unmatched
350345,C567627,0,,unmatched
350346,C567627,0,,unmatched
350347,C567627,0,,unmatched
350348,C567627,0,,unmatched
350349,C567627,0,,unmatched
350500,C567641,0,,unmatched
350502,C567643,1,350501.0,unique_available_candidate
351003,C567655,0,,unmatched
352711,C567677,0,,unmatched
352712,C567677,0,,unmatched
352732,C567681,0,,unmatched
352733,C567681,0,,unmatched
352734,C567681,0,,unmatched
352735,C567681,0,,unmatched
352736,C567681,0,,unmatched
352737,C567681,0,,unmatched
352738,C567681,0,,unmatched
352739,C567681,0,,unmatched
352740,C567681,0,,unmatched
352741,C567681,0,,unmatched
352742,C567681,0,,unmatched
352743,C567681,0,,unmatched
352744,C567682,0,,unmatched
352745,C567682,0,,unmatched
352746,C567682,0,,unmatched
352747,C567682,0,,unmatched
352748,C567682,0,,unmatched
352765,C567685,1,99231.0,unique_available_candidate
352766,C567685,0,,unmatched
352767,C567685,0,,unmatched
352768,C567685,0,,unmatched
352769,C567685,0,,unmatched
352770,C567685,0,,unmatched
352771,C567685,0,,unmatched
352772,C567686,1,194157.0,unique_available_candidate
352779,C567688,0,,unmatched
352780,C567689,0,,unmatched
352781,C567690,0,,unmatched
352782,C567690,0,,unmatched
352783,C567690,0,,unmatched
352784,C567690,0,,unmatched
352785,C567690,0,,unmatched
352786,C567690,0,,unmatched
352787,C567690,0,,unmatched
352788,C567690,0,,unmatched
352789,C567690,0,,unmatched
352790,C567690,0,,unmatched
352791,C567690,1,167536.0,unique_available_candidate
352792,C567690,0,,unmatched
352793,C567690,0,,unmatched
352794,C567690,1,167529.0,unique_available_candidate
352795,C567690,0,,unmatched
352796,C567690,0,,unmatched
352797,C567690,0,,unmatched
352798,C567690,0,,unmatched
352799,C567690,0,,unmatched
352800,C567690,0,,unmatched
352801,C567691,0,,unmatched
352802,C567691,0,,unmatched
352803,C567691,0,,unmatched
352804,C567691,0,,unmatched
352805,C567691,0,,unmatched
352806,C567691,0,,unmatched
352807,C567691,0,,unmatched
352808,C567691,0,,unmatched
352809,C567691,0,,unmatched
352810,C567691,0,,unmatched
352811,C567691,0,,unmatched
352932,C567703,0,,unmatched
352933,C567703,0,,unmatched
352934,C567704,1,327857.0,unique_available_candidate
352935,C567704,1,327864.0,unique_available_candidate
352936,C567704,1,327863.0,unique_available_candidate
352937,C567704,1,327860.0,unique_available_candidate
352938,C567704,1,327858.0,unique_available_candidate
352939,C567704,1,327859.0,unique_available_candidate
352940,C567704,1,327865.0,unique_available_candidate
352941,C567704,2,327862.0,multiple_available_candidates
352942,C567704,0,,unmatched
352943,C567705,1,290158.0,unique_available_candidate
352944,C567706,1,311677.0,unique_available_candidate
352984,C567708,0,,unmatched
352985,C567708,0,,unmatched
352986,C567708,0,,unmatched
352987,C567708,0,,unmatched
352988,C567708,3,291849.0,multiple_available_candidates
352989,C567708,1,291845.0,unique_available_candidate
352990,C567708,0,,unmatched
352991,C567708,0,,unmatched
352992,C567708,0,,unmatched
352993,C567708,0,,unmatched
352994,C567708,0,,unmatched
353003,C567712,0,,unmatched
353004,C567713,0,,unmatched
353005,C567714,0,,unmatched
353006,C567714,0,,unmatched
353007,C567715,0,,unmatched
353008,C567716,0,,unmatched
353009,C567716,0,,unmatched
353010,C567716,0,,unmatched
353011,C567716,0,,unmatched
353012,C567716,0,,unmatched
353013,C567716,0,,unmatched
353014,C567716,0,,unmatched
353015,C567717,0,,unmatched
353016,C567717,1,197964.0,unique_available_candidate
353159,C567767,3,328461.0,multiple_available_candidates
353160,C567767,1,328460.0,unique_available_candidate
353161,C567767,1,328462.0,unique_available_candidate
353162,C567767,1,328458.0,unique_available_candidate
353163,C567767,1,328457.0,unique_available_candidate
353164,C567767,2,328459.0,multiple_available_candidates
353165,C567767,1,328463.0,unique_available_candidate
354262,C567867,2,354261.0,multiple_available_candidates
354575,C567884,0,,unmatched
354576,C567885,0,,unmatched
354577,C567885,0,,unmatched
354708,C567891,0,,unmatched
354737,C567896,0,,unmatched
355044,C567902,0,,unmatched
355045,C567902,1,249662.0,unique_available_candidate
355046,C567902,0,,unmatched
355047,C567902,0,,unmatched
355048,C567902,0,,unmatched
355049,C567902,0,,unmatched
355050,C567903,0,,unmatched
355330,C567916,0,,unmatched
355332,C567919,0,,unmatched
355333,C567919,0,,unmatched
355516,C567940,2,336924.0,multiple_available_candidates
355579,C567945,1,349274.0,unique_available_candidate
355580,C567945,0,,unmatched
355581,C567946,0,,unmatched
355582,C567946,0,,unmatched
355583,C567947,0,,unmatched
355584,C567947,0,,unmatched
355585,C567947,0,,unmatched
355586,C567948,0,,unmatched
355587,C567948,2,345963.0,multiple_available_candidates
355588,C567949,0,,unmatched
355589,C567950,1,346567.0,unique_available_candidate
355591,C567952,0,,unmatched
355592,C567953,0,,unmatched
355623,C567955,0,,unmatched
355624,C567955,0,,unmatched
355625,C567956,1,340228.0,unique_available_candidate
355626,C567956,0,,unmatched
355668,C567961,0,,unmatched
355669,C567961,0,,unmatched
355670,C567961,0,,unmatched
355688,C567963,0,,unmatched
355689,C567963,0,,unmatched
355690,C567963,0,,unmatched
355691,C567963,0,,unmatched
355692,C567964,0,,unmatched
355693,C567964,0,,unmatched
355694,C567965,0,,unmatched
355891,C567978,0,,unmatched
355892,C567978,0,,unmatched
355893,C567978,1,198992.0,unique_available_candidate
355894,C567978,0,,unmatched
355895,C567978,0,,unmatched
355896,C567978,0,,unmatched
356034,C567997,2,231478.0,multiple_available_candidates
356035,C567997,0,,unmatched
356036,C567997,0,,unmatched
356037,C567997,0,,unmatched
356489,C568055,0,,unmatched
357534,C568096,1,198626.0,unique_available_candidate
357535,C568097,3,328487.0,multiple_available_candidates
358248,C568138,1,345669.0,unique_available_candidate
358249,C568138,1,345667.0,unique_available_candidate
358250,C568138,0,,unmatched
358640,C568157,0,,unmatched
358641,C568157,0,,unmatched
359292,C568184,0,,unmatched
360534,C568232,0,,unmatched
360535,C568232,1,268167.0,unique_available_candidate
360536,C568232,0,,unmatched
360537,C568232,0,,unmatched
360538,C568232,2,268172.0,multiple_available_candidates
360539,C568232,0,,unmatched
360540,C568232,1,268155.0,unique_available_candidate
360541,C568232,0,,unmatched
360581,C568237,1,310057.0,unique_available_candidate
360618,C568240,0,,unmatched
360657,C568244,0,,unmatched
360658,C568244,0,,unmatched
361603,C568345,0,,unmatched
361604,C568347,0,,unmatched
361605,C568348,0,,unmatched
361729,C568370,2,360187.0,multiple_available_candidates
361730,C568370,1,360184.0,unique_available_candidate
361731,C568370,1,360183.0,unique_available_candidate
361732,C568370,2,360186.0,multiple_available_candidates
361733,C568370,1,360185.0,unique_available_candidate
361734,C568370,2,360189.0,multiple_available_candidates
361735,C568370,1,360188.0,unique_available_candidate
361762,C568377,0,,unmatched
361763,C568377,0,,unmatched
361826,C568385,0,,unmatched
361827,C568386,0,,unmatched
361828,C568386,0,,unmatched
361851,C568388,0,,unmatched
361947,C568395,0,,unmatched
361948,C568395,0,,unmatched
362118,C568410,1,206296.0,unique_available_candidate
362245,C568412,0,,unmatched
362246,C568412,2,335653.0,multiple_available_candidates
362247,C568412,0,,unmatched
362275,C568416,0,,unmatched
362276,C568416,0,,unmatched
362277,C568416,1,348280.0,unique_available_candidate
362278,C568416,1,348270.0,unique_available_candidate
362296,C568418,0,,unmatched
362297,C568418,1,356127.0,unique_available_candidate
362298,C568419,0,,unmatched
362299,C568419,0,,unmatched
362300,C568420,0,,unmatched
362301,C568421,0,,unmatched
362302,C568421,0,,unmatched
362366,C568445,0,,unmatched
362367,C568445,0,,unmatched
362368,C568445,0,,unmatched
362540,C568501,5,302447.0,multiple_available_candidates
362655,C568516,1,285026.0,unique_available_candidate
363054,C568532,0,,unmatched
363055,C568532,1,347679.0,unique_available_candidate
363066,C568534,1,355276.0,unique_available_candidate
363278,C568557,0,,unmatched
363279,C568557,0,,unmatched
363318,C568559,0,,unmatched
363319,C568560,0,,unmatched
363320,C568561,1,344499.0,unique_available_candidate
363321,C568562,0,,unmatched
363689,C568570,0,,unmatched
363690,C568571,0,,unmatched
363691,C568571,0,,unmatched
363692,C568572,0,,unmatched
363693,C568572,0,,unmatched
363694,C568572,0,,unmatched
363695,C568573,0,,unmatched
363717,C568575,0,,unmatched
363718,C568575,0,,unmatched
363719,C568575,0,,unmatched
363773,C568579,0,,unmatched
363774,C568580,0,,unmatched
363775,C568581,0,,unmatched
363776,C568582,0,,unmatched
363777,C568582,1,305045.0,unique_available_candidate
363778,C568582,0,,unmatched
363779,C568582,0,,unmatched
363799,C568584,1,358916.0,unique_available_candidate
363800,C568584,0,,unmatched
363820,C568587,0,,unmatched
363821,C568587,0,,unmatched
364001,C568596,0,,unmatched
364002,C568596,0,,unmatched
364003,C568596,0,,unmatched
364004,C568597,0,,unmatched
364005,C568598,0,,unmatched
364006,C568598,0,,unmatched
364007,C568598,0,,unmatched
364008,C568599,1,353629.0,unique_available_candidate
364009,C568600,0,,unmatched
364010,C568601,0,,unmatched
364064,C568646,0,,unmatched
364065,C568646,1,341227.0,unique_available_candidate
364076,C568649,0,,unmatched
364077,C568649,0,,unmatched
364541,C568664,0,,unmatched
364902,C568677,0,,unmatched
364996,C568689,0,,unmatched
364997,C568689,7,309817.0,multiple_available_candidates
364998,C568689,14,328277.0,multiple_available_candidates
364999,C568689,2,257544.0,multiple_available_candidates
365080,C568694,2,365078.0,multiple_available_candidates
365081,C568694,2,365079.0,multiple_available_candidates
365742,C568714,0,,unmatched
366535,C568748,0,,unmatched
366857,C568796,1,332707.0,unique_available_candidate
366899,C568799,0,,unmatched
366900,C568799,0,,unmatched
367013,C568830,0,,unmatched
367014,C568830,1,84310.0,unique_available_candidate
367015,C568830,0,,unmatched
367016,C568830,0,,unmatched
367017,C568830,0,,unmatched
367018,C568830,0,,unmatched
367019,C568830,0,,unmatched
367020,C568830,0,,unmatched
367021,C568830,0,,unmatched
367022,C568830,0,,unmatched
367063,C568832,1,348111.0,unique_available_candidate
367283,C568879,0,,unmatched
367284,C568879,0,,unmatched
367285,C568879,0,,unmatched
367286,C568879,0,,unmatched
367287,C568879,1,137860.0,unique_available_candidate
367288,C568879,1,137858.0,unique_available_candidate
367289,C568879,0,,unmatched
367290,C568879,0,,unmatched
367291,C568879,2,94520.0,multiple_available_candidates
367292,C568879,0,,unmatched
367293,C568879,0,,unmatched
367294,C568879,0,,unmatched
367295,C568879,0,,unmatched
367296,C568879,0,,unmatched
367297,C568879,0,,unmatched
367298,C568879,0,,unmatched
367299,C568879,0,,unmatched
367300,C568879,0,,unmatched
367301,C568879,0,,unmatched
367302,C568879,0,,unmatched
367303,C568879,0,,unmatched
367304,C568879,0,,unmatched
367305,C568879,0,,unmatched
367306,C568879,0,,unmatched
367307,C568879,0,,unmatched
367308,C568879,0,,unmatched
367370,C568884,4,280643.0,multiple_available_candidates
367371,C568884,0,,unmatched
367372,C568884,3,296145.0,multiple_available_candidates
367623,C568899,0,,unmatched
367740,C568903,1,342948.0,unique_available_candidate
367900,C568911,1,367694.0,unique_available_candidate
369453,C569032,1,234654.0,unique_available_candidate
369454,C569034,0,,unmatched
369455,C569034,0,,unmatched
369548,C569038,0,,unmatched
369549,C569038,0,,unmatched
369550,C569038,0,,unmatched
369893,C569107,2,360022.0,multiple_available_candidates
369940,C569109,0,,unmatched
369942,C569112,0,,unmatched
369943,C569112,0,,unmatched
369944,C569112,0,,unmatched
369945,C569112,0,,unmatched
369946,C569112,0,,unmatched
369947,C569112,0,,unmatched
369948,C569112,0,,unmatched
369949,C569113,0,,unmatched
369950,C569114,0,,unmatched
369951,C569114,0,,unmatched
369952,C569114,0,,unmatched
369953,C569114,0,,unmatched
369954,C569114,0,,unmatched
369955,C569114,0,,unmatched
369956,C569114,1,356261.0,unique_available_candidate
369957,C569114,0,,unmatched
369958,C569114,0,,unmatched
369959,C569114,1,356254.0,unique_available_candidate
369960,C569114,3,365420.0,multiple_available_candidates
369961,C569114,0,,unmatched
369962,C569115,0,,unmatched
369963,C569116,1,355444.0,unique_available_candidate
369964,C569117,0,,unmatched
369965,C569117,0,,unmatched
369966,C569119,0,,unmatched
369967,C569119,0,,unmatched
369968,C569119,0,,unmatched
370082,C569128,0,,unmatched
370083,C569128,0,,unmatched
370084,C569128,0,,unmatched
370085,C569128,0,,unmatched
370506,C569138,0,,unmatched
372164,C569233,1,328232.0,unique_available_candidate
372165,C569233,1,365721.0,unique_available_candidate
372166,C569233,6,348850.0,multiple_available_candidates
372785,C569245,0,,unmatched
372881,C569251,0,,unmatched
373247,C569318,0,,unmatched
373248,C569318,0,,unmatched
373249,C569318,0,,unmatched
373283,C569320,3,363767.0,multiple_available_candidates
373284,C569320,2,363746.0,multiple_available_candidates
373989,C569370,0,,unmatched
374632,C569387,1,374622.0,unique_available_candidate
374637,C569390,4,374636.0,multiple_available_candidates
374638,C569390,3,374635.0,multiple_available_candidates
374639,C569390,2,374634.0,multiple_available_candidates
374644,C569395,0,,unmatched
374909,C569410,1,368921.0,unique_available_candidate
374910,C569410,1,368925.0,unique_available_candidate
374911,C569410,1,368919.0,unique_available_candidate
374912,C569410,1,368920.0,unique_available_candidate
374913,C569410,1,368917.0,unique_available_candidate
374914,C569410,1,368918.0,unique_available_candidate
374915,C569410,1,368922.0,unique_available_candidate
374916,C569410,1,368916.0,unique_available_candidate
374917,C569410,1,368923.0,unique_available_candidate
374918,C569410,1,368924.0,unique_available_candidate
375189,C569421,0,,unmatched
375190,C569421,0,,unmatched
375191,C569422,1,355759.0,unique_available_candidate
375277,C569456,4,369905.0,multiple_available_candidates
375278,C569456,4,369904.0,multiple_available_candidates
375865,C569485,0,,unmatched
375866,C569485,0,,unmatched
375975,C569490,2,375974.0,multiple_available_candidates
376126,C569495,0,,unmatched
376550,C569525,1,266873.0,unique_available_candidate
376551,C569525,1,336078.0,unique_available_candidate
376552,C569526,0,,unmatched
377443,C569547,0,,unmatched
377444,C569548,0,,unmatched
377446,C569549,1,367988.0,unique_available_candidate
377448,C569552,1,371176.0,unique_available_candidate
377449,C569553,0,,unmatched
377450,C569553,0,,unmatched
377451,C569554,0,,unmatched
377452,C569554,0,,unmatched
378228,C569636,1,156449.0,unique_available_candidate
378229,C569636,0,,unmatched
378230,C569636,0,,unmatched
378231,C569636,0,,unmatched
378232,C569636,0,,unmatched
378233,C569636,0,,unmatched
378234,C569636,0,,unmatched
378235,C569636,2,223274.0,multiple_available_candidates
378236,C569636,0,,unmatched
378237,C569636,0,,unmatched
378238,C569636,0,,unmatched
378239,C569636,1,266636.0,unique_available_candidate
378240,C569636,0,,unmatched
378241,C569636,1,266649.0,unique_available_candidate
378242,C569636,0,,unmatched
378243,C569636,1,223268.0,unique_available_candidate
378244,C569636,0,,unmatched
378245,C569636,0,,unmatched
378246,C569636,0,,unmatched
378342,C569644,1,280950.0,unique_available_candidate
378625,C569655,1,119932.0,unique_available_candidate
378626,C569655,2,83199.0,multiple_available_candidates
378627,C569655,0,,unmatched
378628,C569655,1,280913.0,unique_available_candidate
378629,C569655,1,280914.0,unique_available_candidate
378630,C569655,1,237990.0,unique_available_candidate
378631,C569655,1,238011.0,unique_available_candidate
378632,C569655,3,214848.0,multiple_available_candidates
378633,C569655,1,257122.0,unique_available_candidate
378634,C569655,0,,unmatched
378635,C569655,1,119927.0,unique_available_candidate
378636,C569655,0,,unmatched
378637,C569655,1,299634.0,unique_available_candidate
378638,C569655,0,,unmatched
378639,C569655,0,,unmatched
378640,C569655,1,280931.0,unique_available_candidate
378641,C569655,1,280930.0,unique_available_candidate
378642,C569655,0,,unmatched
378643,C569655,0,,unmatched
378644,C569655,1,202430.0,unique_available_candidate
378645,C569655,1,202431.0,unique_available_candidate
378646,C569655,0,,unmatched
378647,C569655,0,,unmatched
378648,C569655,0,,unmatched
378649,C569655,1,70580.0,unique_available_candidate
378650,C569655,2,280953.0,multiple_available_candidates
378651,C569655,0,,unmatched
378652,C569655,2,257124.0,multiple_available_candidates
378653,C569655,1,119925.0,unique_available_candidate
378654,C569655,0,,unmatched
378655,C569655,0,,unmatched
378707,C569663,10,365699.0,multiple_available_candidates
378708,C569663,7,288439.0,multiple_available_candidates
378709,C569663,0,,unmatched
379233,C569682,1,352660.0,unique_available_candidate
379234,C569682,0,,unmatched
379235,C569682,0,,unmatched
379236,C569682,0,,unmatched
380147,C569733,5,313215.0,multiple_available_candidates
380148,C569733,1,380049.0,unique_available_candidate
380290,C569743,1,380248.0,unique_available_candidate
380291,C569743,1,380251.0,unique_available_candidate
380292,C569743,1,380252.0,unique_available_candidate
380293,C569743,1,380253.0,unique_available_candidate
380294,C569743,1,380254.0,unique_available_candidate
380295,C569743,1,380255.0,unique_available_candidate
380296,C569743,1,380256.0,unique_available_candidate
380297,C569743,1,380257.0,unique_available_candidate
380298,C569743,3,380258.0,multiple_available_candidates
380299,C569743,1,380259.0,unique_available_candidate
380300,C569743,3,380260.0,multiple_available_candidates
380301,C569743,1,380249.0,unique_available_candidate
380302,C569743,1,380250.0,unique_available_candidate
380303,C569743,1,380261.0,unique_available_candidate
380304,C569743,1,380262.0,unique_available_candidate
380377,C569786,1,368559.0,unique_available_candidate
380685,C569829,0,,unmatched
380686,C569829,0,,unmatched
381251,C569851,0,,unmatched
381252,C569851,0,,unmatched
381253,C569851,0,,unmatched
381254,C569851,0,,unmatched
381255,C569851,0,,unmatched
381256,C569851,0,,unmatched
381722,C569891,0,,unmatched
381723,C569891,1,365189.0,unique_available_candidate
381724,C569891,0,,unmatched
381725,C569891,0,,unmatched
381726,C569891,0,,unmatched
381727,C569891,0,,unmatched
381728,C569891,0,,unmatched
381729,C569891,0,,unmatched
382461,C569902,0,,unmatched
382511,C569908,0,,unmatched
382512,C569909,0,,unmatched
382513,C569909,0,,unmatched
382558,C569911,0,,unmatched
382559,C569911,0,,unmatched
382560,C569911,1,367769.0,unique_available_candidate
382561,C569911,0,,unmatched
382562,C569911,0,,unmatched
382563,C569911,0,,unmatched
382564,C569911,0,,unmatched
382571,C569913,0,,unmatched
382579,C569916,0,,unmatched
382650,C569922,0,,unmatched
382690,C569938,0,,unmatched
382691,C569939,0,,unmatched
382692,C569940,0,,unmatched
382693,C569941,1,366520.0,unique_available_candidate
382769,C569942,1,321782.0,unique_available_candidate
382770,C569944,0,,unmatched
382771,C569944,0,,unmatched
382772,C569944,0,,unmatched
382773,C569944,0,,unmatched
382774,C569944,0,,unmatched
382775,C569945,0,,unmatched
382776,C569945,0,,unmatched
382777,C569946,2,215986.0,multiple_available_candidates
382787,C569949,0,,unmatched
382788,C569949,0,,unmatched
382789,C569949,0,,unmatched
382790,C569949,1,279305.0,unique_available_candidate
382791,C569949,0,,unmatched
382792,C569949,0,,unmatched
382793,C569950,0,,unmatched
382794,C569951,0,,unmatched
382795,C569951,0,,unmatched
382796,C569952,0,,unmatched
382797,C569953,0,,unmatched
382798,C569953,0,,unmatched
382799,C569954,0,,unmatched
382800,C569954,0,,unmatched
382801,C569955,1,353754.0,unique_available_candidate
382802,C569955,0,,unmatched
382803,C569956,1,215395.0,unique_available_candidate
382804,C569957,0,,unmatched
382805,C569958,1,248771.0,unique_available_candidate
382806,C569959,0,,unmatched
382807,C569959,0,,unmatched
382808,C569959,0,,unmatched
382809,C569959,0,,unmatched
382810,C569959,0,,unmatched
382811,C569960,0,,unmatched
382812,C569960,0,,unmatched
382813,C569961,0,,unmatched
382825,C569963,0,,unmatched
382826,C569963,0,,unmatched
382827,C569964,0,,unmatched
382846,C569966,0,,unmatched
382847,C569966,0,,unmatched
382848,C569967,0,,unmatched
382849,C569967,0,,unmatched
382850,C569967,0,,unmatched
382892,C569969,0,,unmatched
382893,C569970,0,,unmatched
382894,C569970,0,,unmatched
382895,C569971,0,,unmatched
382896,C569971,0,,unmatched
382897,C569971,0,,unmatched
382898,C569972,1,376117.0,unique_available_candidate
382899,C569973,0,,unmatched
382900,C569974,0,,unmatched
382901,C569975,0,,unmatched
382902,C569975,1,372892.0,unique_available_candidate
382903,C569975,0,,unmatched
382904,C569975,0,,unmatched
382905,C569976,0,,unmatched
382906,C569976,0,,unmatched
382915,C569978,0,,unmatched
382916,C569979,1,373422.0,unique_available_candidate
382917,C569980,0,,unmatched
382918,C569980,0,,unmatched
382919,C569981,0,,unmatched
382920,C569981,0,,unmatched
382921,C569982,0,,unmatched
382980,C569984,1,212038.0,unique_available_candidate
382981,C569985,2,346798.0,multiple_available_candidates
382982,C569985,2,346797.0,multiple_available_candidates
382983,C569985,2,346802.0,multiple_available_candidates
382984,C569985,2,346804.0,multiple_available_candidates
382985,C569985,2,346775.0,multiple_available_candidates
382986,C569985,2,346795.0,multiple_available_candidates
382987,C569985,2,346794.0,multiple_available_candidates
382988,C569985,2,346808.0,multiple_available_candidates
382989,C569985,2,346799.0,multiple_available_candidates
382990,C569985,3,346779.0,multiple_available_candidates
382991,C569985,2,346793.0,multiple_available_candidates
382992,C569985,2,346792.0,multiple_available_candidates
382993,C569985,2,346780.0,multiple_available_candidates
382994,C569985,2,346783.0,multiple_available_candidates
382995,C569985,2,346781.0,multiple_available_candidates
382996,C569985,2,346801.0,multiple_available_candidates
382997,C569985,2,346800.0,multiple_available_candidates
382998,C569985,2,346778.0,multiple_available_candidates
382999,C569985,2,346777.0,multiple_available_candidates
383000,C569985,2,346776.0,multiple_available_candidates
383001,C569985,1,346782.0,unique_available_candidate
383002,C569985,2,346774.0,multiple_available_candidates
383003,C569985,2,346773.0,multiple_available_candidates
383004,C569985,2,346805.0,multiple_available_candidates
383005,C569985,2,346791.0,multiple_available_candidates
383006,C569985,2,346790.0,multiple_available_candidates
383007,C569985,2,346787.0,multiple_available_candidates
383008,C569985,3,346788.0,multiple_available_candidates
383009,C569985,3,346789.0,multiple_available_candidates
383010,C569985,2,346786.0,multiple_available_candidates
383011,C569985,2,346785.0,multiple_available_candidates
383012,C569985,2,346784.0,multiple_available_candidates
383013,C569985,2,346806.0,multiple_available_candidates
383014,C569985,2,346807.0,multiple_available_candidates
383015,C569985,2,346803.0,multiple_available_candidates
383016,C569985,2,346796.0,multiple_available_candidates
383017,C569986,1,296111.0,unique_available_candidate
383018,C569986,1,296102.0,unique_available_candidate
383019,C569987,1,345664.0,unique_available_candidate
383020,C569987,1,345660.0,unique_available_candidate
383021,C569988,1,292329.0,unique_available_candidate
383022,C569989,0,,unmatched
383023,C569989,0,,unmatched
383024,C569989,1,296486.0,unique_available_candidate
383025,C569989,1,275313.0,unique_available_candidate
383026,C569989,0,,unmatched
383027,C569989,1,275310.0,unique_available_candidate
383028,C569989,0,,unmatched
383029,C569989,1,275320.0,unique_available_candidate
383030,C569989,0,,unmatched
383031,C569989,0,,unmatched
383032,C569989,0,,unmatched
383033,C569989,0,,unmatched
383034,C569989,0,,unmatched
383035,C569989,0,,unmatched
383036,C569989,0,,unmatched
383037,C569989,0,,unmatched
383038,C569989,1,296480.0,unique_available_candidate
383039,C569989,0,,unmatched
383040,C569989,1,275318.0,unique_available_candidate
383041,C569989,0,,unmatched
383042,C569989,0,,unmatched
383043,C569989,0,,unmatched
383044,C569989,0,,unmatched
383045,C569989,0,,unmatched
383046,C569989,0,,unmatched
383047,C569989,2,275321.0,multiple_available_candidates
383048,C569990,1,305226.0,unique_available_candidate
383049,C569991,1,220430.0,unique_available_candidate
383050,C569991,0,,unmatched
383051,C569992,1,216125.0,unique_available_candidate
383052,C569993,1,367010.0,unique_available_candidate
383053,C569994,0,,unmatched
383054,C569994,0,,unmatched
383055,C569994,0,,unmatched
383056,C569994,0,,unmatched
383057,C569994,0,,unmatched
383058,C569994,0,,unmatched
383059,C569994,0,,unmatched
383060,C569994,0,,unmatched
383061,C569994,0,,unmatched
383062,C569994,0,,unmatched
383063,C569994,0,,unmatched
383064,C569994,0,,unmatched
383065,C569994,0,,unmatched
383066,C569995,1,343157.0,unique_available_candidate
383067,C569995,1,343162.0,unique_available_candidate
383068,C569995,1,343155.0,unique_available_candidate
383069,C569995,1,343160.0,unique_available_candidate
383070,C569995,1,343166.0,unique_available_candidate
383071,C569995,1,343167.0,unique_available_candidate
383072,C569995,1,343170.0,unique_available_candidate
383073,C569995,1,343165.0,unique_available_candidate
383074,C569995,1,343163.0,unique_available_candidate
383075,C569995,1,343161.0,unique_available_candidate
383076,C569995,1,343158.0,unique_available_candidate
383077,C569995,1,343159.0,unique_available_candidate
383078,C569995,1,343164.0,unique_available_candidate
383079,C569995,1,343168.0,unique_available_candidate
383080,C569995,1,343169.0,unique_available_candidate
383081,C569995,1,343156.0,unique_available_candidate
383082,C569996,1,341649.0,unique_available_candidate
383083,C569996,1,341648.0,unique_available_candidate
383084,C569996,1,341624.0,unique_available_candidate
383085,C569996,1,341623.0,unique_available_candidate
383086,C569996,1,341630.0,unique_available_candidate
383087,C569996,0,,unmatched
383088,C569996,0,,unmatched
383199,C570004,0,,unmatched
383200,C570004,0,,unmatched
383201,C570005,0,,unmatched
383202,C570006,0,,unmatched
383316,C570012,0,,unmatched
383317,C570012,0,,unmatched
383318,C570012,1,361226.0,unique_available_candidate
383319,C570012,0,,unmatched
383320,C570012,0,,unmatched
383495,C570025,0,,unmatched
383651,C570066,0,,unmatched
384021,C570099,0,,unmatched
384022,C570099,0,,unmatched
384023,C570099,0,,unmatched
384024,C570099,0,,unmatched
384025,C570099,0,,unmatched
384026,C570099,0,,unmatched
384027,C570099,0,,unmatched
384028,C570099,0,,unmatched
384029,C570099,0,,unmatched
384030,C570099,0,,unmatched
384031,C570099,0,,unmatched
384032,C570099,0,,unmatched
384033,C570099,0,,unmatched
384034,C570099,0,,unmatched
384035,C570099,0,,unmatched
384036,C570099,0,,unmatched
384037,C570099,0,,unmatched
384038,C570099,0,,unmatched
384039,C570099,0,,unmatched
384040,C570099,0,,unmatched
384041,C570099,0,,unmatched
384042,C570099,0,,unmatched
384043,C570099,0,,unmatched
384044,C570099,0,,unmatched
384409,C570122,0,,unmatched
384410,C570122,0,,unmatched
384411,C570122,0,,unmatched
384412,C570122,0,,unmatched
384413,C570122,0,,unmatched
384414,C570122,0,,unmatched
384415,C570122,0,,unmatched
384416,C570122,0,,unmatched
384417,C570122,0,,unmatched
384418,C570122,0,,unmatched
384419,C570122,0,,unmatched
384420,C570122,0,,unmatched
385340,C570194,0,,unmatched
385341,C570194,1,247225.0,unique_available_candidate
385469,C570199,0,,unmatched
385470,C570199,0,,unmatched
385504,C570203,1,301424.0,unique_available_candidate
385505,C570203,0,,unmatched
385506,C570203,0,,unmatched
385507,C570203,0,,unmatched
385508,C570203,0,,unmatched
385509,C570203,1,256142.0,unique_available_candidate
385510,C570203,2,206497.0,multiple_available_candidates
385511,C570203,1,328448.0,unique_available_candidate
385512,C570203,0,,unmatched
385513,C570203,1,171665.0,unique_available_candidate
385514,C570203,1,59571.0,unique_available_candidate
385518,C570207,1,324839.0,unique_available_candidate
385915,C570221,0,,unmatched
385916,C570221,0,,unmatched
385917,C570221,0,,unmatched
385918,C570221,1,207919.0,unique_available_candidate
385919,C570221,1,244411.0,unique_available_candidate
385920,C570221,1,152557.0,unique_available_candidate
385921,C570221,0,,unmatched
385922,C570221,0,,unmatched
385923,C570221,0,,unmatched
385924,C570221,0,,unmatched
385925,C570221,0,,unmatched
385926,C570221,0,,unmatched
385927,C570221,0,,unmatched
385928,C570221,0,,unmatched
385929,C570221,0,,unmatched
385930,C570221,0,,unmatched
385931,C570221,0,,unmatched
385932,C570221,0,,unmatched
385933,C570221,1,230393.0,unique_available_candidate
385934,C570221,0,,unmatched
385935,C570221,1,72052.0,unique_available_candidate
385936,C570221,0,,unmatched
385937,C570221,0,,unmatched
385938,C570221,1,305054.0,unique_available_candidate
385939,C570221,0,,unmatched
385940,C570221,0,,unmatched
385941,C570221,0,,unmatched
385942,C570221,0,,unmatched
385943,C570221,0,,unmatched
385944,C570221,0,,unmatched
387276,C570274,0,,unmatched
387277,C570274,0,,unmatched
387307,C570276,1,380025.0,unique_available_candidate
387308,C570278,1,378473.0,unique_available_candidate
387309,C570279,0,,unmatched
387325,C570283,0,,unmatched
387326,C570283,0,,unmatched
387327,C570283,0,,unmatched
387459,C570290,2,386901.0,multiple_available_candidates
387460,C570290,2,386905.0,multiple_available_candidates
387461,C570290,2,386906.0,multiple_available_candidates
387462,C570290,2,386899.0,multiple_available_candidates
387463,C570290,2,386898.0,multiple_available_candidates
387464,C570290,2,386897.0,multiple_available_candidates
387465,C570290,2,386913.0,multiple_available_candidates
387466,C570290,2,386891.0,multiple_available_candidates
387467,C570290,2,386892.0,multiple_available_candidates
387468,C570290,2,386912.0,multiple_available_candidates
387469,C570290,2,386896.0,multiple_available_candidates
387470,C570290,2,386890.0,multiple_available_candidates
387471,C570290,2,386900.0,multiple_available_candidates
387472,C570290,2,386904.0,multiple_available_candidates
387473,C570290,2,386902.0,multiple_available_candidates
387474,C570290,2,386910.0,multiple_available_candidates
387475,C570290,2,386893.0,multiple_available_candidates
387476,C570290,2,386908.0,multiple_available_candidates
387477,C570290,3,386909.0,multiple_available_candidates
387478,C570290,2,386911.0,multiple_available_candidates
387479,C570290,2,386894.0,multiple_available_candidates
387480,C570290,3,386903.0,multiple_available_candidates
387481,C570290,2,386907.0,multiple_available_candidates
387482,C570290,2,386895.0,multiple_available_candidates
387483,C570290,1,386914.0,unique_available_candidate
387484,C570291,1,140543.0,unique_available_candidate
387526,C570301,0,,unmatched
387536,C570331,1,111890.0,unique_available_candidate
387919,C570406,4,383422.0,multiple_available_candidates
387920,C570406,4,365641.0,multiple_available_candidates
388634,C570447,1,53557.0,unique_available_candidate
388635,C570447,1,295393.0,unique_available_candidate
388711,C570450,0,,unmatched
388728,C570453,0,,unmatched
388729,C570454,0,,unmatched
388829,C570456,0,,unmatched
388830,C570456,0,,unmatched
389023,C570460,0,,unmatched
389027,C570463,0,,unmatched
389028,C570464,0,,unmatched
389451,C570468,0,,unmatched
389454,C570471,0,,unmatched
389489,C570476,0,,unmatched
389490,C570477,0,,unmatched
389491,C570478,0,,unmatched
389492,C570478,0,,unmatched
389642,C570480,0,,unmatched
389643,C570483,0,,unmatched
389644,C570484,0,,unmatched
389645,C570484,1,364249.0,unique_available_candidate
389647,C570486,1,381382.0,unique_available_candidate
389648,C570486,1,381379.0,unique_available_candidate
390002,C570487,0,,unmatched
390004,C570490,0,,unmatched
390005,C570490,0,,unmatched
390006,C570490,0,,unmatched
390290,C570508,1,380510.0,unique_available_candidate
390401,C570515,1,379297.0,unique_available_candidate
390402,C570515,1,379298.0,unique_available_candidate
390403,C570515,0,,unmatched
390498,C570552,13,390494.0,multiple_available_candidates
390499,C570552,2,390493.0,multiple_available_candidates
390500,C570552,2,390497.0,multiple_available_candidates
390501,C570552,4,390495.0,multiple_available_candidates
390502,C570552,2,390491.0,multiple_available_candidates
390503,C570552,7,390492.0,multiple_available_candidates
390504,C570552,1,390496.0,unique_available_candidate
390505,C570553,1,358882.0,unique_available_candidate
390538,C570556,2,384009.0,multiple_available_candidates
390539,C570556,1,384008.0,unique_available_candidate
390540,C570556,2,384012.0,multiple_available_candidates
390541,C570556,2,384013.0,multiple_available_candidates
390542,C570556,1,384006.0,unique_available_candidate
390543,C570556,1,384007.0,unique_available_candidate
390544,C570556,2,384010.0,multiple_available_candidates
390545,C570556,2,384011.0,multiple_available_candidates
390546,C570556,1,383961.0,unique_available_candidate
390547,C570556,1,383962.0,unique_available_candidate
390548,C570556,1,383960.0,unique_available_candidate
390549,C570556,1,383959.0,unique_available_candidate
390558,C570573,0,,unmatched
391010,C570647,1,234401.0,unique_available_candidate
391160,C570654,0,,unmatched
391161,C570654,0,,unmatched
391162,C570655,0,,unmatched
391205,C570658,0,,unmatched
391206,C570658,0,,unmatched
391859,C570683,0,,unmatched
391860,C570683,0,,unmatched
391861,C570683,0,,unmatched
391862,C570683,0,,unmatched
391863,C570683,2,79176.0,multiple_available_candidates
391864,C570683,0,,unmatched
391865,C570683,0,,unmatched
391866,C570683,0,,unmatched
391867,C570684,0,,unmatched
391868,C570684,0,,unmatched
391869,C570684,0,,unmatched
391906,C570686,0,,unmatched
391907,C570687,0,,unmatched
391908,C570687,0,,unmatched
392447,C570692,0,,unmatched
392666,C570704,2,392665.0,multiple_available_candidates
392671,C570708,0,,unmatched
392895,C570727,0,,unmatched
392973,C570775,3,376344.0,multiple_available_candidates
393466,C570828,1,357463.0,unique_available_candidate
393467,C570828,1,357460.0,unique_available_candidate
393468,C570828,1,357456.0,unique_available_candidate
393469,C570828,1,357483.0,unique_available_candidate
393470,C570828,0,,unmatched
393471,C570828,0,,unmatched
393472,C570828,1,357485.0,unique_available_candidate
393473,C570828,1,357462.0,unique_available_candidate
393474,C570828,1,357459.0,unique_available_candidate
393475,C570828,1,357457.0,unique_available_candidate
393476,C570828,1,357461.0,unique_available_candidate
393477,C570828,1,357480.0,unique_available_candidate
393478,C570828,1,357475.0,unique_available_candidate
393479,C570828,1,357474.0,unique_available_candidate
393480,C570828,1,357481.0,unique_available_candidate
393481,C570828,1,357478.0,unique_available_candidate
393482,C570828,1,357477.0,unique_available_candidate
393483,C570828,1,357473.0,unique_available_candidate
393484,C570828,1,357472.0,unique_available_candidate
393485,C570828,0,,unmatched
393486,C570828,1,357500.0,unique_available_candidate
393487,C570828,1,357499.0,unique_available_candidate
393488,C570828,1,357498.0,unique_available_candidate
393489,C570828,1,357493.0,unique_available_candidate
393490,C570828,1,357492.0,unique_available_candidate
393491,C570828,1,357490.0,unique_available_candidate
393492,C570828,2,357489.0,multiple_available_candidates
393493,C570828,1,357491.0,unique_available_candidate
393494,C570828,1,357488.0,unique_available_candidate
393495,C570828,1,357469.0,unique_available_candidate
393496,C570828,1,357466.0,unique_available_candidate
393497,C570828,1,357471.0,unique_available_candidate
393498,C570828,1,357468.0,unique_available_candidate
393499,C570828,1,357482.0,unique_available_candidate
393500,C570828,0,,unmatched
393501,C570828,2,357496.0,multiple_available_candidates
393502,C570828,1,357470.0,unique_available_candidate
393503,C570828,1,357467.0,unique_available_candidate
393504,C570828,1,357464.0,unique_available_candidate
393561,C570831,1,357495.0,unique_available_candidate
393562,C570831,1,357521.0,unique_available_candidate
393563,C570831,1,357522.0,unique_available_candidate
393564,C570831,5,365413.0,multiple_available_candidates
393589,C570835,0,,unmatched
393747,C570845,0,,unmatched
393748,C570845,0,,unmatched
393749,C570845,0,,unmatched
393750,C570845,0,,unmatched
393751,C570845,0,,unmatched
393766,C570850,1,393764.0,unique_available_candidate
393785,C570853,4,393765.0,multiple_available_candidates
393786,C570854,3,393763.0,multiple_available_candidates
393995,C570867,1,389431.0,unique_available_candidate
393996,C570867,1,389429.0,unique_available_candidate
393997,C570867,1,389442.0,unique_available_candidate
393998,C570867,1,389441.0,unique_available_candidate
393999,C570867,1,389444.0,unique_available_candidate
394000,C570867,1,389428.0,unique_available_candidate
394001,C570867,1,389405.0,unique_available_candidate
394002,C570867,1,389403.0,unique_available_candidate
394003,C570867,1,389404.0,unique_available_candidate
394004,C570867,1,389387.0,unique_available_candidate
394005,C570867,1,389386.0,unique_available_candidate
394006,C570867,1,389413.0,unique_available_candidate
394007,C570867,1,389414.0,unique_available_candidate
394008,C570867,1,389427.0,unique_available_candidate
394009,C570867,1,389443.0,unique_available_candidate
394010,C570867,1,389390.0,unique_available_candidate
394011,C570867,1,389362.0,unique_available_candidate
394012,C570867,1,389363.0,unique_available_candidate
394013,C570867,1,389425.0,unique_available_candidate
394014,C570867,1,389373.0,unique_available_candidate
394015,C570867,1,389367.0,unique_available_candidate
394016,C570867,1,389377.0,unique_available_candidate
394017,C570867,1,389385.0,unique_available_candidate
394018,C570867,1,389380.0,unique_available_candidate
394019,C570867,1,389426.0,unique_available_candidate
394020,C570867,1,389424.0,unique_available_candidate
394021,C570867,1,389419.0,unique_available_candidate
394022,C570867,1,389421.0,unique_available_candidate
394023,C570867,1,389423.0,unique_available_candidate
394024,C570867,1,389420.0,unique_available_candidate
394025,C570867,1,389417.0,unique_available_candidate
394026,C570867,1,389391.0,unique_available_candidate
394027,C570867,1,389398.0,unique_available_candidate
394028,C570867,1,389399.0,unique_available_candidate
394029,C570867,1,389359.0,unique_available_candidate
394030,C570867,1,389372.0,unique_available_candidate
394031,C570867,1,389352.0,unique_available_candidate
394032,C570867,1,389350.0,unique_available_candidate
394033,C570867,1,389418.0,unique_available_candidate
394034,C570867,1,389446.0,unique_available_candidate
394035,C570867,1,389375.0,unique_available_candidate
394036,C570867,1,389384.0,unique_available_candidate
394037,C570867,1,389382.0,unique_available_candidate
394038,C570867,1,389364.0,unique_available_candidate
394039,C570867,1,389381.0,unique_available_candidate
394040,C570867,1,389379.0,unique_available_candidate
394041,C570867,1,389412.0,unique_available_candidate
394042,C570867,1,389353.0,unique_available_candidate
394043,C570867,1,389358.0,unique_available_candidate
394044,C570867,1,389397.0,unique_available_candidate
394045,C570867,1,389396.0,unique_available_candidate
394046,C570867,1,389395.0,unique_available_candidate
394047,C570867,1,389389.0,unique_available_candidate
394048,C570867,1,389388.0,unique_available_candidate
394049,C570867,1,389374.0,unique_available_candidate
394050,C570867,1,389368.0,unique_available_candidate
394051,C570867,1,389351.0,unique_available_candidate
394052,C570867,1,389402.0,unique_available_candidate
394053,C570867,1,389356.0,unique_available_candidate
394054,C570867,1,389357.0,unique_available_candidate
394055,C570867,1,389355.0,unique_available_candidate
394056,C570867,1,389447.0,unique_available_candidate
394057,C570867,1,389354.0,unique_available_candidate
394058,C570867,1,389394.0,unique_available_candidate
394059,C570867,1,389393.0,unique_available_candidate
394060,C570867,1,389366.0,unique_available_candidate
394061,C570867,1,389365.0,unique_available_candidate
394062,C570867,1,389376.0,unique_available_candidate
394063,C570867,1,389433.0,unique_available_candidate
394064,C570867,1,389450.0,unique_available_candidate
394065,C570867,1,389401.0,unique_available_candidate
394066,C570867,1,389400.0,unique_available_candidate
394067,C570867,1,389449.0,unique_available_candidate
394068,C570867,1,389416.0,unique_available_candidate
394069,C570867,1,389445.0,unique_available_candidate
394070,C570867,1,389392.0,unique_available_candidate
394071,C570867,1,389378.0,unique_available_candidate
394072,C570867,1,389369.0,unique_available_candidate
394073,C570867,1,389370.0,unique_available_candidate
394074,C570867,1,389406.0,unique_available_candidate
394075,C570867,1,389361.0,unique_available_candidate
394076,C570867,1,389360.0,unique_available_candidate
394077,C570867,1,389383.0,unique_available_candidate
394078,C570867,1,389448.0,unique_available_candidate
394079,C570867,1,389371.0,unique_available_candidate
394080,C570867,1,389410.0,unique_available_candidate
394081,C570867,1,389411.0,unique_available_candidate
394082,C570867,1,389422.0,unique_available_candidate
394083,C570867,1,389407.0,unique_available_candidate
394084,C570867,1,389408.0,unique_available_candidate
394085,C570867,1,389437.0,unique_available_candidate
394086,C570867,1,389434.0,unique_available_candidate
394087,C570867,1,389436.0,unique_available_candidate
394088,C570867,1,389435.0,unique_available_candidate
394089,C570867,1,389438.0,unique_available_candidate
394090,C570867,1,389439.0,unique_available_candidate
394091,C570867,1,389440.0,unique_available_candidate
394092,C570867,1,389432.0,unique_available_candidate
394093,C570867,1,389430.0,unique_available_candidate
394094,C570867,1,389409.0,unique_available_candidate
394095,C570867,1,389415.0,unique_available_candidate
394932,C570889,1,369621.0,unique_available_candidate
394933,C570889,0,,unmatched
394934,C570889,1,369617.0,unique_available_candidate
394935,C570889,0,,unmatched
394936,C570889,0,,unmatched
394942,C570902,1,368416.0,unique_available_candidate
394943,C570902,0,,unmatched
394944,C570902,0,,unmatched
394945,C570902,0,,unmatched
394946,C570902,0,,unmatched
394989,C570958,0,,unmatched
394990,C570958,0,,unmatched
394991,C570958,0,,unmatched
394995,C570962,0,,unmatched
394996,C570963,0,,unmatched
394997,C570963,0,,unmatched
394998,C570963,0,,unmatched
394999,C570963,0,,unmatched
395106,C570996,1,326890.0,unique_available_candidate
395107,C570996,0,,unmatched
395108,C571003,0,,unmatched
395109,C571003,0,,unmatched
395110,C571003,0,,unmatched
395111,C571003,0,,unmatched
395112,C571003,0,,unmatched
395147,C571009,0,,unmatched
395148,C571009,0,,unmatched
395153,C571014,0,,unmatched
395169,C571023,0,,unmatched
395170,C571023,0,,unmatched
395171,C571023,0,,unmatched
395214,C571029,0,,unmatched
395215,C571029,0,,unmatched
395216,C571029,1,361766.0,unique_available_candidate
395800,C571045,4,386685.0,multiple_available_candidates
395959,C571051,0,,unmatched
396189,C571059,2,382038.0,multiple_available_candidates
396190,C571059,0,,unmatched
396191,C571059,0,,unmatched
396192,C571059,1,381893.0,unique_available_candidate
396193,C571059,2,381875.0,multiple_available_candidates
396194,C571059,1,381917.0,unique_available_candidate
396480,C571066,0,,unmatched
396481,C571066,0,,unmatched
396482,C571066,0,,unmatched
396483,C571066,0,,unmatched
397226,C571127,1,256087.0,unique_available_candidate
397492,C571186,1,268211.0,unique_available_candidate
397654,C571196,0,,unmatched
397655,C571196,0,,unmatched
397656,C571196,0,,unmatched
397657,C571196,0,,unmatched
397658,C571196,0,,unmatched
397659,C571196,0,,unmatched
397660,C571196,0,,unmatched
397661,C571196,0,,unmatched
397662,C571196,0,,unmatched
397663,C571196,0,,unmatched
397664,C571196,0,,unmatched
397665,C571196,0,,unmatched
397666,C571196,0,,unmatched
397667,C571196,0,,unmatched
397668,C571196,0,,unmatched
397669,C571196,0,,unmatched
397670,C571196,0,,unmatched
397671,C571196,0,,unmatched
397672,C571196,0,,unmatched
397673,C571196,0,,unmatched
397674,C571196,0,,unmatched
398147,C571220,0,,unmatched
398305,C571233,2,143335.0,multiple_available_candidates
398306,C571233,2,143316.0,multiple_available_candidates
398624,C571251,1,331866.0,unique_available_candidate
398877,C571262,2,398876.0,multiple_available_candidates
398893,C571264,0,,unmatched
398894,C571264,1,231536.0,unique_available_candidate
399728,C571285,0,,unmatched
399729,C571285,0,,unmatched
399730,C571285,0,,unmatched
399810,C571287,1,307727.0,unique_available_candidate
400509,C571316,0,,unmatched
400583,C571319,0,,unmatched
400584,C571320,0,,unmatched
400585,C571321,0,,unmatched
400624,C571325,1,400623.0,unique_available_candidate
400626,C571327,1,400625.0,unique_available_candidate
400726,C571329,1,387612.0,unique_available_candidate
400727,C571329,0,,unmatched
400728,C571336,0,,unmatched
400729,C571346,0,,unmatched
400730,C571346,0,,unmatched
400731,C571346,0,,unmatched
400732,C571346,1,369359.0,unique_available_candidate
400733,C571346,1,369358.0,unique_available_candidate
400734,C571346,0,,unmatched
401767,C571440,0,,unmatched
402129,C571466,1,402077.0,unique_available_candidate
402130,C571473,0,,unmatched
402434,C571499,1,398626.0,unique_available_candidate
402435,C571499,1,398628.0,unique_available_candidate
402436,C571499,1,398627.0,unique_available_candidate
402437,C571499,1,398631.0,unique_available_candidate
402438,C571499,1,398640.0,unique_available_candidate
402439,C571499,1,398639.0,unique_available_candidate
402440,C571499,1,398638.0,unique_available_candidate
402441,C571499,1,398636.0,unique_available_candidate
402442,C571499,1,398637.0,unique_available_candidate
402443,C571499,1,398632.0,unique_available_candidate
402444,C571499,1,398635.0,unique_available_candidate
402445,C571499,1,398634.0,unique_available_candidate
402446,C571499,1,398633.0,unique_available_candidate
402447,C571499,1,398629.0,unique_available_candidate
402448,C571499,1,398630.0,unique_available_candidate
402500,C571501,0,,unmatched
402611,C571507,1,391288.0,unique_available_candidate
402612,C571507,0,,unmatched
402613,C571507,0,,unmatched
402614,C571507,0,,unmatched
402615,C571507,0,,unmatched
403046,C571543,2,397748.0,multiple_available_candidates
403484,C571619,1,378270.0,unique_available_candidate
403485,C571625,0,,unmatched
403535,C571634,0,,unmatched
403536,C571635,0,,unmatched
403537,C571635,0,,unmatched
403556,C571637,0,,unmatched
403557,C571637,0,,unmatched
403558,C571637,0,,unmatched
403580,C571639,0,,unmatched
404500,C571678,0,,unmatched
404549,C571680,0,,unmatched
404822,C571695,3,404809.0,multiple_available_candidates
404823,C571695,1,404803.0,unique_available_candidate
404824,C571695,3,404796.0,multiple_available_candidates
404825,C571695,2,404797.0,multiple_available_candidates
404826,C571695,4,404795.0,multiple_available_candidates
404827,C571695,2,404810.0,multiple_available_candidates
404828,C571695,5,404805.0,multiple_available_candidates
404829,C571695,1,404798.0,unique_available_candidate
404830,C571695,2,404801.0,multiple_available_candidates
404831,C571695,3,404799.0,multiple_available_candidates
404832,C571695,3,404800.0,multiple_available_candidates
404833,C571695,2,404802.0,multiple_available_candidates
404834,C571695,3,404808.0,multiple_available_candidates
404835,C571695,1,404804.0,unique_available_candidate
404836,C571695,2,404807.0,multiple_available_candidates
404837,C571695,2,404806.0,multiple_available_candidates
404891,C571699,0,,unmatched
405014,C571707,0,,unmatched
405015,C571707,0,,unmatched
405016,C571707,0,,unmatched
405017,C571707,0,,unmatched
405018,C571707,1,178836.0,unique_available_candidate
405019,C571707,0,,unmatched
405020,C571707,0,,unmatched
405021,C571707,0,,unmatched
405022,C571707,0,,unmatched
405023,C571707,1,205810.0,unique_available_candidate
405024,C571707,1,312630.0,unique_available_candidate
405025,C571707,1,295733.0,unique_available_candidate
405084,C571711,1,230503.0,unique_available_candidate
405085,C571711,1,230502.0,unique_available_candidate
406404,C571750,0,,unmatched
406405,C571750,0,,unmatched
406634,C571814,0,,unmatched
406915,C571838,0,,unmatched
406916,C571838,1,402432.0,unique_available_candidate
407297,C571854,0,,unmatched
407298,C571855,0,,unmatched
407299,C571856,0,,unmatched
407323,C571858,0,,unmatched
407324,C571859,0,,unmatched
407325,C571859,0,,unmatched
407326,C571859,2,374610.0,multiple_available_candidates
407327,C571860,0,,unmatched
407328,C571860,0,,unmatched
407329,C571860,0,,unmatched
407330,C571860,0,,unmatched
407331,C571860,0,,unmatched
407332,C571860,0,,unmatched
407333,C571860,0,,unmatched
407334,C571861,0,,unmatched
407335,C571862,0,,unmatched
407553,C571893,0,,unmatched
407554,C571893,2,384422.0,multiple_available_candidates
407555,C571893,1,361911.0,unique_available_candidate
407556,C571893,1,361924.0,unique_available_candidate
407557,C571893,1,361909.0,unique_available_candidate
407558,C571893,1,361907.0,unique_available_candidate
407559,C571893,1,361928.0,unique_available_candidate
407560,C571893,1,361926.0,unique_available_candidate
407561,C571893,2,384426.0,multiple_available_candidates
407562,C571893,1,361941.0,unique_available_candidate
407563,C571893,2,384421.0,multiple_available_candidates
407564,C571893,1,361910.0,unique_available_candidate
407565,C571893,0,,unmatched
407579,C571896,1,399665.0,unique_available_candidate
407580,C571897,0,,unmatched
407621,C571902,0,,unmatched
407622,C571902,0,,unmatched
407623,C571902,0,,unmatched
407668,C571907,1,387221.0,unique_available_candidate
407970,C571919,1,407949.0,unique_available_candidate
408003,C571925,0,,unmatched
408004,C571925,0,,unmatched
408005,C571925,0,,unmatched
408023,C571927,0,,unmatched
408024,C571928,0,,unmatched
408658,C572022,0,,unmatched
408769,C572027,0,,unmatched
408822,C572029,1,253758.0,unique_available_candidate
409406,C572059,0,,unmatched
409407,C572059,0,,unmatched
409408,C572059,1,409298.0,unique_available_candidate
410291,C572102,0,,unmatched
410562,C572109,0,,unmatched
410563,C572109,0,,unmatched
410564,C572109,1,350380.0,unique_available_candidate
410565,C572110,1,398891.0,unique_available_candidate
410566,C572110,0,,unmatched
410567,C572111,0,,unmatched
410568,C572111,0,,unmatched
410569,C572111,0,,unmatched
410570,C572111,0,,unmatched
410571,C572112,0,,unmatched
410572,C572113,0,,unmatched
410573,C572114,0,,unmatched
410574,C572114,0,,unmatched
410575,C572114,0,,unmatched
410576,C572115,0,,unmatched
410577,C572115,0,,unmatched
410578,C572116,0,,unmatched
410579,C572116,0,,unmatched
410580,C572117,0,,unmatched
410581,C572118,0,,unmatched
410582,C572118,0,,unmatched
410583,C572119,0,,unmatched
410584,C572120,0,,unmatched
410585,C572120,0,,unmatched
410586,C572120,0,,unmatched
410587,C572120,0,,unmatched
410588,C572120,0,,unmatched
410589,C572120,0,,unmatched
410590,C572120,0,,unmatched
410591,C572120,0,,unmatched
410592,C572120,0,,unmatched
411009,C572187,0,,unmatched
411552,C572223,1,355481.0,unique_available_candidate
411641,C572226,0,,unmatched
411642,C572226,0,,unmatched
411643,C572226,0,,unmatched
411644,C572226,0,,unmatched
411645,C572226,0,,unmatched
411646,C572226,0,,unmatched
411647,C572226,0,,unmatched
411648,C572226,0,,unmatched
411649,C572226,0,,unmatched
411650,C572226,0,,unmatched
411651,C572226,0,,unmatched
411727,C572228,0,,unmatched
411728,C572228,0,,unmatched
411729,C572228,0,,unmatched
411730,C572228,0,,unmatched
412045,C572275,0,,unmatched
412046,C572275,0,,unmatched
412047,C572276,1,315006.0,unique_available_candidate
412854,C572299,1,412802.0,unique_available_candidate
414034,C572334,2,413861.0,multiple_available_candidates
414035,C572334,1,413849.0,unique_available_candidate
414036,C572334,1,413863.0,unique_available_candidate
414037,C572334,1,413866.0,unique_available_candidate
414038,C572334,1,413860.0,unique_available_candidate
414039,C572334,1,413859.0,unique_available_candidate
414040,C572334,1,413858.0,unique_available_candidate
414041,C572334,1,413857.0,unique_available_candidate
414042,C572334,1,413856.0,unique_available_candidate
414043,C572334,1,413855.0,unique_available_candidate
414044,C572334,1,413854.0,unique_available_candidate
414045,C572334,1,413853.0,unique_available_candidate
414046,C572334,1,413852.0,unique_available_candidate
414047,C572334,1,413851.0,unique_available_candidate
414048,C572334,1,413850.0,unique_available_candidate
414049,C572334,1,413864.0,unique_available_candidate
414050,C572334,2,413865.0,multiple_available_candidates
414051,C572334,1,413862.0,unique_available_candidate
414129,C572343,2,414125.0,multiple_available_candidates
414130,C572343,2,414126.0,multiple_available_candidates
414131,C572343,2,414127.0,multiple_available_candidates
414132,C572343,2,414128.0,multiple_available_candidates
414133,C572343,2,414119.0,multiple_available_candidates
414134,C572343,2,414120.0,multiple_available_candidates
414135,C572343,2,414121.0,multiple_available_candidates
414136,C572343,2,414122.0,multiple_available_candidates
414137,C572343,2,414123.0,multiple_available_candidates
414146,C572346,0,,unmatched
414147,C572347,0,,unmatched
414230,C572398,0,,unmatched
414231,C572398,0,,unmatched
414248,C572410,0,,unmatched
414249,C572410,0,,unmatched
414250,C572410,0,,unmatched
414252,C572422,0,,unmatched
414253,C572422,0,,unmatched
414254,C572428,0,,unmatched
414255,C572440,1,50887.0,unique_available_candidate
414256,C572440,2,331912.0,multiple_available_candidates
414257,C572440,0,,unmatched
414258,C572440,0,,unmatched
414259,C572440,0,,unmatched
414260,C572441,0,,unmatched
414261,C572441,0,,unmatched
414289,C572444,0,,unmatched
414290,C572444,0,,unmatched
414291,C572445,0,,unmatched
414292,C572445,0,,unmatched
414293,C572446,0,,unmatched
414294,C572446,0,,unmatched
414319,C572448,0,,unmatched
414320,C572448,0,,unmatched
414321,C572449,0,,unmatched
414322,C572449,0,,unmatched
414323,C572449,0,,unmatched
414324,C572450,0,,unmatched
414325,C572450,0,,unmatched
414395,C572455,0,,unmatched
414396,C572455,0,,unmatched
414421,C572456,0,,unmatched
414422,C572456,0,,unmatched
414521,C572463,0,,unmatched
414522,C572463,0,,unmatched
414523,C572463,1,388059.0,unique_available_candidate
414581,C572467,0,,unmatched
414582,C572467,0,,unmatched
414584,C572469,0,,unmatched
414585,C572469,0,,unmatched
414586,C572469,0,,unmatched
414587,C572469,0,,unmatched
414588,C572469,0,,unmatched
414589,C572470,0,,unmatched
414590,C572470,0,,unmatched
414591,C572471,0,,unmatched
414618,C572473,0,,unmatched
414725,C572478,0,,unmatched
414726,C572478,0,,unmatched
414727,C572479,0,,unmatched
414728,C572479,1,401911.0,unique_available_candidate
414730,C572481,0,,unmatched
414731,C572481,2,383865.0,multiple_available_candidates
414732,C572481,1,383875.0,unique_available_candidate
414733,C572481,1,383874.0,unique_available_candidate
414734,C572481,0,,unmatched
414735,C572481,2,383882.0,multiple_available_candidates
414736,C572481,0,,unmatched
414737,C572481,0,,unmatched
414738,C572481,1,383878.0,unique_available_candidate
414739,C572482,0,,unmatched
414740,C572482,0,,unmatched
414796,C572485,0,,unmatched
414797,C572485,0,,unmatched
414798,C572486,0,,unmatched
414804,C572488,0,,unmatched
414805,C572488,5,409429.0,multiple_available_candidates
414806,C572488,0,,unmatched
414833,C572489,0,,unmatched
414834,C572489,0,,unmatched
414835,C572489,0,,unmatched
414836,C572491,0,,unmatched
414837,C572491,0,,unmatched
414838,C572491,0,,unmatched
414839,C572491,0,,unmatched
414840,C572492,0,,unmatched
415309,C572529,6,369941.0,multiple_available_candidates
415310,C572529,1,369906.0,unique_available_candidate
415311,C572529,1,369925.0,unique_available_candidate
415312,C572530,0,,unmatched
415313,C572531,0,,unmatched
415314,C572532,0,,unmatched
415317,C572535,1,370296.0,unique_available_candidate
415321,C572538,0,,unmatched
415581,C572546,0,,unmatched
416464,C572551,0,,unmatched
416745,C572554,0,,unmatched
416747,C572556,0,,unmatched
417470,C572659,0,,unmatched
418452,C572722,0,,unmatched
418637,C572736,1,410538.0,unique_available_candidate
418638,C572736,1,410547.0,unique_available_candidate
418838,C572747,0,,unmatched
418841,C572750,0,,unmatched
418904,C572754,1,414154.0,unique_available_candidate
418905,C572754,1,414150.0,unique_available_candidate
418906,C572754,1,414148.0,unique_available_candidate
418907,C572754,1,414149.0,unique_available_candidate
418908,C572754,1,414151.0,unique_available_candidate
418909,C572754,1,414152.0,unique_available_candidate
418910,C572754,1,414153.0,unique_available_candidate
419246,C572761,0,,unmatched
419247,C572761,0,,unmatched
419248,C572761,0,,unmatched
419249,C572761,0,,unmatched
419483,C572831,0,,unmatched
419484,C572831,1,414972.0,unique_available_candidate
419669,C572850,3,413081.0,multiple_available_candidates
419670,C572850,6,413094.0,multiple_available_candidates
419732,C572855,0,,unmatched
419733,C572855,0,,unmatched
419734,C572855,0,,unmatched
419735,C572855,0,,unmatched
419736,C572855,0,,unmatched
419923,C572864,0,,unmatched
421061,C572916,1,254439.0,unique_available_candidate
421062,C572917,2,308933.0,multiple_available_candidates
421244,C572927,0,,unmatched
421456,C572968,0,,unmatched
421480,C572989,0,,unmatched
421481,C572989,0,,unmatched
421482,C572989,0,,unmatched
421483,C572989,0,,unmatched
421498,C572991,0,,unmatched
421499,C572991,1,409947.0,unique_available_candidate
421500,C572991,0,,unmatched
421501,C572991,0,,unmatched
421504,C572993,1,365183.0,unique_available_candidate
421520,C572995,0,,unmatched
421643,C573010,0,,unmatched
421644,C573010,0,,unmatched
421645,C573010,1,163730.0,unique_available_candidate
421719,C573021,0,,unmatched
421720,C573021,0,,unmatched
421721,C573021,0,,unmatched
421755,C573024,0,,unmatched
421925,C573030,0,,unmatched
421926,C573030,0,,unmatched
421927,C573030,0,,unmatched
421928,C573031,1,384179.0,unique_available_candidate
421929,C573031,0,,unmatched
421963,C573034,0,,unmatched
421964,C573034,2,342149.0,multiple_available_candidates
422034,C573037,0,,unmatched
422035,C573037,0,,unmatched
422036,C573037,0,,unmatched
422037,C573037,0,,unmatched
422038,C573037,0,,unmatched
422039,C573037,0,,unmatched
422040,C573037,0,,unmatched
422041,C573037,0,,unmatched
422375,C573079,0,,unmatched
422377,C573081,0,,unmatched
422451,C573084,1,384259.0,unique_available_candidate
422471,C573086,0,,unmatched
422472,C573086,0,,unmatched
422513,C573092,0,,unmatched
422514,C573092,0,,unmatched
422515,C573092,0,,unmatched
422516,C573092,0,,unmatched
422517,C573092,0,,unmatched
422518,C573092,0,,unmatched
422613,C573097,0,,unmatched
422614,C573097,1,370988.0,unique_available_candidate
422615,C573097,1,370990.0,unique_available_candidate
422616,C573098,0,,unmatched
422617,C573098,0,,unmatched
422618,C573098,0,,unmatched
422619,C573099,0,,unmatched
422643,C573101,1,409911.0,unique_available_candidate
422679,C573105,1,312530.0,unique_available_candidate
423488,C573147,1,387146.0,unique_available_candidate
423489,C573148,0,,unmatched
423960,C573172,0,,unmatched
424042,C573180,0,,unmatched
424120,C573187,0,,unmatched
424154,C573219,0,,unmatched
424155,C573219,0,,unmatched
424156,C573219,1,30098.0,unique_available_candidate
424157,C573219,0,,unmatched
424158,C573219,0,,unmatched
424159,C573228,0,,unmatched
424160,C573228,3,321840.0,multiple_available_candidates
424161,C573228,1,364511.0,unique_available_candidate
424162,C573228,0,,unmatched
424227,C573244,1,421248.0,unique_available_candidate
424302,C573253,0,,unmatched
424307,C573257,0,,unmatched
424309,C573260,0,,unmatched
424470,C573268,6,412581.0,multiple_available_candidates
424551,C573271,1,409483.0,unique_available_candidate
424728,C573283,0,,unmatched
425161,C573306,1,391318.0,unique_available_candidate
425162,C573306,0,,unmatched
425404,C573321,2,356866.0,multiple_available_candidates
425405,C573321,0,,unmatched
425406,C573321,0,,unmatched
425407,C573321,0,,unmatched
425408,C573321,0,,unmatched
425409,C573321,1,146356.0,unique_available_candidate
428419,C573427,1,421548.0,unique_available_candidate
428489,C573471,2,416751.0,multiple_available_candidates
428873,C573502,0,,unmatched
428874,C573502,0,,unmatched
428875,C573502,0,,unmatched
428876,C573502,1,360525.0,unique_available_candidate
428877,C573502,1,233164.0,unique_available_candidate
428878,C573502,0,,unmatched
428879,C573502,0,,unmatched
428880,C573502,1,233163.0,unique_available_candidate
429024,C573541,1,423831.0,unique_available_candidate
429248,C573549,0,,unmatched
429249,C573550,0,,unmatched
429996,C573575,0,,unmatched
431795,C573750,0,,unmatched
431796,C573750,0,,unmatched
431797,C573750,0,,unmatched
431800,C573753,0,,unmatched
431801,C573754,1,419382.0,unique_available_candidate
431802,C573755,0,,unmatched
431803,C573755,0,,unmatched
431806,C573756,0,,unmatched
431807,C573756,0,,unmatched
431808,C573756,0,,unmatched
431809,C573756,0,,unmatched
431816,C573759,0,,unmatched
431817,C573759,0,,unmatched
431818,C573760,0,,unmatched
431819,C573760,0,,unmatched
431820,C573761,0,,unmatched
431821,C573761,0,,unmatched
431822,C573761,0,,unmatched
431823,C573761,0,,unmatched
431824,C573761,0,,unmatched
431862,C573764,0,,unmatched
431863,C573764,0,,unmatched
431864,C573764,0,,unmatched
431865,C573764,0,,unmatched
431866,C573765,0,,unmatched
431867,C573766,0,,unmatched
431868,C573767,1,421734.0,unique_available_candidate
431899,C573771,0,,unmatched
431996,C573779,0,,unmatched
431997,C573779,1,375622.0,unique_available_candidate
431998,C573779,0,,unmatched
431999,C573779,1,375620.0,unique_available_candidate
432000,C573779,0,,unmatched
432001,C573779,0,,unmatched
432002,C573779,0,,unmatched
432239,C573864,1,355925.0,unique_available_candidate
432240,C573864,0,,unmatched
432241,C573864,0,,unmatched
432242,C573864,1,94611.0,unique_available_candidate
432243,C573864,2,204219.0,multiple_available_candidates
432332,C573869,1,421219.0,unique_available_candidate
433525,C573925,0,,unmatched
433526,C573925,0,,unmatched
433551,C573929,0,,unmatched
433552,C573929,0,,unmatched
433553,C573929,0,,unmatched
433654,C573949,1,377663.0,unique_available_candidate
433655,C573949,1,377664.0,unique_available_candidate
433656,C573949,1,377649.0,unique_available_candidate
433849,C574003,1,397916.0,unique_available_candidate
433891,C574010,14,335959.0,multiple_available_candidates
433892,C574010,7,372241.0,multiple_available_candidates
433893,C574010,1,42776.0,unique_available_candidate
433987,C574019,1,304961.0,unique_available_candidate
434069,C574026,0,,unmatched
434070,C574026,1,424667.0,unique_available_candidate
434071,C574027,1,354758.0,unique_available_candidate
434072,C574027,1,354752.0,unique_available_candidate
434073,C574027,1,354756.0,unique_available_candidate
434074,C574027,0,,unmatched
434075,C574027,2,354743.0,multiple_available_candidates
434076,C574027,2,354742.0,multiple_available_candidates
434077,C574027,1,258699.0,unique_available_candidate
434078,C574027,1,258683.0,unique_available_candidate
434079,C574028,0,,unmatched
434080,C574028,1,414069.0,unique_available_candidate
434118,C574030,0,,unmatched
434119,C574031,0,,unmatched
434706,C574057,0,,unmatched
434707,C574057,1,434544.0,unique_available_candidate
434760,C574061,0,,unmatched
434920,C574065,1,434846.0,unique_available_candidate
434921,C574065,1,434857.0,unique_available_candidate
434922,C574065,1,434893.0,unique_available_candidate
434923,C574065,0,,unmatched
434924,C574065,1,434871.0,unique_available_candidate
435951,C574078,0,,unmatched
435952,C574078,2,360755.0,multiple_available_candidates
436057,C574083,2,427099.0,multiple_available_candidates
436248,C574095,0,,unmatched
436249,C574095,0,,unmatched
436250,C574095,0,,unmatched
436251,C574095,0,,unmatched
436252,C574095,0,,unmatched
436253,C574095,0,,unmatched
436423,C574137,0,,unmatched
436717,C574238,0,,unmatched
436718,C574238,0,,unmatched
436719,C574238,0,,unmatched
436850,C574248,1,331601.0,unique_available_candidate
436997,C574254,0,,unmatched
437052,C574259,0,,unmatched
437071,C574261,0,,unmatched
437072,C574261,0,,unmatched
437073,C574261,0,,unmatched
437074,C574261,1,20068.0,unique_available_candidate
437075,C574261,0,,unmatched
437076,C574261,0,,unmatched
437122,C574268,0,,unmatched
437383,C574288,0,,unmatched
437426,C574291,0,,unmatched
437427,C574291,0,,unmatched
437428,C574291,1,424442.0,unique_available_candidate
437429,C574291,0,,unmatched
437430,C574291,0,,unmatched
438440,C574318,3,271567.0,multiple_available_candidates
438441,C574318,0,,unmatched
438487,C574322,0,,unmatched
438868,C574337,1,406817.0,unique_available_candidate
438883,C574339,0,,unmatched
438979,C574344,1,142988.0,unique_available_candidate
439000,C574347,1,380050.0,unique_available_candidate
439001,C574347,0,,unmatched
439017,C574350,1,387356.0,unique_available_candidate
439018,C574350,1,387355.0,unique_available_candidate
439019,C574350,1,387357.0,unique_available_candidate
439262,C574424,0,,unmatched
439263,C574424,0,,unmatched
439264,C574424,0,,unmatched
439342,C574443,0,,unmatched
439344,C574447,3,355494.0,multiple_available_candidates
439410,C574472,0,,unmatched
439411,C574472,0,,unmatched
439461,C574473,1,438139.0,unique_available_candidate
439462,C574473,1,438145.0,unique_available_candidate
439463,C574473,1,438143.0,unique_available_candidate
439464,C574473,1,438146.0,unique_available_candidate
439465,C574473,1,438140.0,unique_available_candidate
439466,C574473,3,438142.0,multiple_available_candidates
439467,C574473,1,438141.0,unique_available_candidate
439468,C574473,1,438144.0,unique_available_candidate
439889,C574483,1,423869.0,unique_available_candidate
439925,C574486,1,431521.0,unique_available_candidate
439926,C574486,1,431520.0,unique_available_candidate
439927,C574487,0,,unmatched
439928,C574487,1,427965.0,unique_available_candidate
439929,C574487,1,428019.0,unique_available_candidate
439930,C574488,0,,unmatched
439931,C574489,1,423483.0,unique_available_candidate
439970,C574492,0,,unmatched
439971,C574493,0,,unmatched
439972,C574493,0,,unmatched
439973,C574493,0,,unmatched
439974,C574493,0,,unmatched
439975,C574493,0,,unmatched
439976,C574493,0,,unmatched
439977,C574493,0,,unmatched
439978,C574493,0,,unmatched
439979,C574493,1,421678.0,unique_available_candidate
439980,C574494,0,,unmatched
439981,C574496,0,,unmatched
439982,C574499,0,,unmatched
439983,C574499,0,,unmatched
439984,C574500,0,,unmatched
440070,C574503,0,,unmatched
440071,C574503,0,,unmatched
440072,C574504,1,408515.0,unique_available_candidate
440073,C574504,1,408513.0,unique_available_candidate
440074,C574504,0,,unmatched
440075,C574505,0,,unmatched
440076,C574505,0,,unmatched
440077,C574505,0,,unmatched
440078,C574505,0,,unmatched
440079,C574505,0,,unmatched
440102,C574507,0,,unmatched
440103,C574507,0,,unmatched
440104,C574507,1,417097.0,unique_available_candidate
440147,C574508,0,,unmatched
440148,C574510,0,,unmatched
440149,C574510,0,,unmatched
440150,C574510,0,,unmatched
440173,C574512,0,,unmatched
440203,C574515,1,409574.0,unique_available_candidate
440204,C574515,1,409575.0,unique_available_candidate
440205,C574515,0,,unmatched
440206,C574515,0,,unmatched
440207,C574515,0,,unmatched
440208,C574517,0,,unmatched
440209,C574517,0,,unmatched
440245,C574522,0,,unmatched
440246,C574524,0,,unmatched
440247,C574524,1,365644.0,unique_available_candidate
440248,C574524,1,309791.0,unique_available_candidate
440249,C574524,6,328313.0,multiple_available_candidates
440250,C574524,4,295233.0,multiple_available_candidates
440251,C574524,3,257490.0,multiple_available_candidates
440252,C574524,1,54344.0,unique_available_candidate
440253,C574525,0,,unmatched
440254,C574526,0,,unmatched
440255,C574527,0,,unmatched
440858,C574548,0,,unmatched
440983,C574558,0,,unmatched
441512,C574584,1,438443.0,unique_available_candidate
441513,C574584,2,438449.0,multiple_available_candidates
441514,C574584,1,438450.0,unique_available_candidate
441515,C574584,1,438447.0,unique_available_candidate
441516,C574584,2,438448.0,multiple_available_candidates
441517,C574584,1,438444.0,unique_available_candidate
441518,C574584,1,438445.0,unique_available_candidate
441519,C574584,0,,unmatched
441520,C574584,1,438446.0,unique_available_candidate
441966,C574658,0,,unmatched
441967,C574658,0,,unmatched
441968,C574658,0,,unmatched
441969,C574658,0,,unmatched
441970,C574658,0,,unmatched
441971,C574658,0,,unmatched
441972,C574658,0,,unmatched
443823,C574712,1,371901.0,unique_available_candidate
443824,C574712,0,,unmatched
443825,C574712,3,371978.0,multiple_available_candidates
443826,C574712,2,371977.0,multiple_available_candidates
445017,C574748,1,443620.0,unique_available_candidate
445018,C574748,1,443621.0,unique_available_candidate
445019,C574748,0,,unmatched
445077,C574753,0,,unmatched
445078,C574753,0,,unmatched
445079,C574753,0,,unmatched
445230,C574825,0,,unmatched
445231,C574825,1,436670.0,unique_available_candidate
445236,C574828,0,,unmatched
445541,C574850,0,,unmatched
445953,C574865,0,,unmatched
446068,C574872,0,,unmatched
446097,C574875,0,,unmatched
446098,C574875,1,422731.0,unique_available_candidate
446099,C574876,1,432393.0,unique_available_candidate
446243,C574886,1,387760.0,unique_available_candidate
446373,C574894,0,,unmatched
446374,C574894,0,,unmatched
446375,C574894,2,426751.0,multiple_available_candidates
446376,C574894,1,426748.0,unique_available_candidate
446377,C574894,1,426734.0,unique_available_candidate
446378,C574894,2,426733.0,multiple_available_candidates
446379,C574894,1,426707.0,unique_available_candidate
446380,C574894,0,,unmatched
446434,C574897,0,,unmatched
446504,C574900,0,,unmatched
446533,C574902,0,,unmatched
446652,C574912,0,,unmatched
446814,C574922,1,334356.0,unique_available_candidate
446815,C574922,0,,unmatched
446816,C574922,0,,unmatched
446817,C574922,0,,unmatched
446818,C574922,0,,unmatched
446819,C574922,0,,unmatched
446820,C574922,0,,unmatched
446821,C574922,0,,unmatched
446822,C574922,0,,unmatched
446823,C574922,0,,unmatched
446824,C574922,0,,unmatched
446825,C574922,0,,unmatched
446826,C574922,1,114950.0,unique_available_candidate
446827,C574922,1,114951.0,unique_available_candidate
446828,C574922,0,,unmatched
447089,C574946,0,,unmatched
447598,C574954,1,428329.0,unique_available_candidate
447599,C574954,0,,unmatched
447600,C574954,0,,unmatched
447601,C574954,0,,unmatched
447630,C574955,0,,unmatched
447631,C574955,1,401377.0,unique_available_candidate
447632,C574955,0,,unmatched
447633,C574955,0,,unmatched
447634,C574955,0,,unmatched
447635,C574955,0,,unmatched
447636,C574955,0,,unmatched
447637,C574955,0,,unmatched
447638,C574955,0,,unmatched
447639,C574955,1,401362.0,unique_available_candidate
447640,C574955,1,401376.0,unique_available_candidate
447641,C574957,0,,unmatched
447995,C574999,0,,unmatched
448017,C575004,1,384262.0,unique_available_candidate
448018,C575004,1,384263.0,unique_available_candidate
448059,C575013,0,,unmatched
448135,C575035,1,419999.0,unique_available_candidate
448136,C575035,0,,unmatched
448137,C575035,0,,unmatched
448138,C575035,0,,unmatched
448139,C575035,3,342228.0,multiple_available_candidates
448140,C575035,0,,unmatched
448283,C575042,0,,unmatched
448284,C575042,3,364523.0,multiple_available_candidates
448285,C575042,0,,unmatched
448286,C575042,2,383803.0,multiple_available_candidates
448288,C575044,1,367943.0,unique_available_candidate
448315,C575047,1,448287.0,unique_available_candidate
448398,C575052,0,,unmatched
448424,C575055,0,,unmatched
448426,C575056,1,423879.0,unique_available_candidate
448474,C575058,0,,unmatched
448475,C575058,0,,unmatched
448611,C575064,0,,unmatched
448612,C575064,0,,unmatched
448613,C575064,0,,unmatched
448614,C575064,0,,unmatched
448615,C575064,0,,unmatched
448616,C575064,0,,unmatched
448617,C575065,0,,unmatched
448618,C575065,0,,unmatched
448619,C575065,0,,unmatched
449031,C575079,2,401129.0,multiple_available_candidates
449032,C575079,0,,unmatched
449033,C575079,0,,unmatched
449039,C575081,0,,unmatched
449040,C575081,0,,unmatched
449041,C575082,1,396465.0,unique_available_candidate
449042,C575082,0,,unmatched
449043,C575082,0,,unmatched
449044,C575082,0,,unmatched
449045,C575082,1,396431.0,unique_available_candidate
449046,C575082,0,,unmatched
449047,C575082,0,,unmatched
449048,C575082,1,396419.0,unique_available_candidate
449049,C575082,0,,unmatched
449050,C575082,0,,unmatched
449879,C575142,0,,unmatched
449987,C575150,0,,unmatched
449988,C575150,1,436280.0,unique_available_candidate
449989,C575150,0,,unmatched
449990,C575150,0,,unmatched
449991,C575150,0,,unmatched
449992,C575150,0,,unmatched
449993,C575150,0,,unmatched
450079,C575153,0,,unmatched
450080,C575155,0,,unmatched
450081,C575155,0,,unmatched
450082,C575155,0,,unmatched
450083,C575156,1,437516.0,unique_available_candidate
450084,C575156,0,,unmatched
450085,C575156,0,,unmatched
450086,C575157,1,434589.0,unique_available_candidate
450087,C575158,0,,unmatched
450088,C575159,0,,unmatched
450089,C575159,1,279293.0,unique_available_candidate
450090,C575159,0,,unmatched
450091,C575160,0,,unmatched
450092,C575160,0,,unmatched
450093,C575160,0,,unmatched
450094,C575161,0,,unmatched
450193,C575171,0,,unmatched
450194,C575172,0,,unmatched
450195,C575173,0,,unmatched
450196,C575174,0,,unmatched
451761,C575223,0,,unmatched
451762,C575224,2,451679.0,multiple_available_candidates
451763,C575224,12,451684.0,multiple_available_candidates
451764,C575224,1,451681.0,unique_available_candidate
451765,C575224,2,451678.0,multiple_available_candidates
451766,C575224,3,451673.0,multiple_available_candidates
451767,C575224,1,451686.0,unique_available_candidate
451768,C575224,8,451682.0,multiple_available_candidates
451769,C575224,7,451674.0,multiple_available_candidates
451770,C575224,2,451680.0,multiple_available_candidates
451771,C575224,7,451676.0,multiple_available_candidates
451772,C575224,7,451683.0,multiple_available_candidates
451773,C575224,5,451685.0,multiple_available_candidates
451774,C575224,7,451675.0,multiple_available_candidates
451775,C575224,4,451677.0,multiple_available_candidates
451789,C575257,0,,unmatched
451790,C575257,1,143395.0,unique_available_candidate
451791,C575257,0,,unmatched
452213,C575327,4,432807.0,multiple_available_candidates
452551,C575341,1,373594.0,unique_available_candidate
452552,C575341,1,373593.0,unique_available_candidate
452778,C575385,0,,unmatched
452779,C575385,0,,unmatched
452780,C575385,1,357558.0,unique_available_candidate
454100,C575511,1,335616.0,unique_available_candidate
454381,C575531,0,,unmatched
454382,C575537,1,138719.0,unique_available_candidate
454397,C575565,0,,unmatched
454398,C575572,0,,unmatched
454399,C575572,0,,unmatched
454400,C575572,0,,unmatched
454401,C575573,0,,unmatched
454402,C575573,0,,unmatched
454432,C575575,1,422678.0,unique_available_candidate
454461,C575577,0,,unmatched
454462,C575578,0,,unmatched
454466,C575580,0,,unmatched
454572,C575585,0,,unmatched
454629,C575588,1,116349.0,unique_available_candidate
454657,C575590,0,,unmatched
454658,C575590,0,,unmatched
454669,C575592,1,441780.0,unique_available_candidate
454670,C575592,1,441778.0,unique_available_candidate
455284,C575606,0,,unmatched
455285,C575608,0,,unmatched
455286,C575608,0,,unmatched
455287,C575608,0,,unmatched
455288,C575608,0,,unmatched
455289,C575608,0,,unmatched
455408,C575616,0,,unmatched
455409,C575616,1,417228.0,unique_available_candidate
455513,C575626,0,,unmatched
455514,C575626,0,,unmatched
455574,C575630,0,,unmatched
455575,C575630,1,433614.0,unique_available_candidate
455646,C575635,3,455621.0,multiple_available_candidates
455647,C575635,2,455620.0,multiple_available_candidates
455709,C575638,2,455648.0,multiple_available_candidates
455752,C575641,0,,unmatched
455829,C575648,0,,unmatched
455862,C575650,0,,unmatched
455863,C575651,0,,unmatched
455864,C575651,0,,unmatched
455865,C575651,0,,unmatched
455866,C575651,0,,unmatched
455867,C575651,0,,unmatched
455868,C575651,0,,unmatched
455909,C575653,0,,unmatched
455910,C575653,1,421346.0,unique_available_candidate
455911,C575653,0,,unmatched
456026,C575662,0,,unmatched
456027,C575662,0,,unmatched
456028,C575663,0,,unmatched
456029,C575664,0,,unmatched
456030,C575665,0,,unmatched
456031,C575666,0,,unmatched
456032,C575667,0,,unmatched
456092,C575669,1,431584.0,unique_available_candidate
456093,C575670,0,,unmatched
456114,C575672,0,,unmatched
456115,C575672,0,,unmatched
456217,C575679,0,,unmatched
457790,C575746,0,,unmatched
457791,C575746,1,298808.0,unique_available_candidate
457877,C575749,0,,unmatched
457878,C575749,0,,unmatched
457935,C575752,1,438387.0,unique_available_candidate
457936,C575752,1,438386.0,unique_available_candidate
458225,C575763,0,,unmatched
458331,C575777,1,326294.0,unique_available_candidate
458449,C575839,1,362420.0,unique_available_candidate
458450,C575839,0,,unmatched
458516,C575841,7,451787.0,multiple_available_candidates
459263,C575872,0,,unmatched
459798,C575879,0,,unmatched
459799,C575879,1,459797.0,unique_available_candidate
460604,C575921,0,,unmatched
461405,C575940,2,461302.0,multiple_available_candidates
461406,C575940,2,461299.0,multiple_available_candidates
461407,C575940,3,461312.0,multiple_available_candidates
461408,C575940,2,461301.0,multiple_available_candidates
461409,C575940,1,461305.0,unique_available_candidate
461410,C575940,1,461304.0,unique_available_candidate
461411,C575940,1,461307.0,unique_available_candidate
461412,C575940,1,461311.0,unique_available_candidate
461413,C575940,1,461303.0,unique_available_candidate
461414,C575940,1,461309.0,unique_available_candidate
461415,C575940,1,461310.0,unique_available_candidate
461416,C575940,3,461313.0,multiple_available_candidates
461417,C575940,1,461314.0,unique_available_candidate
461418,C575940,1,461308.0,unique_available_candidate
461419,C575940,1,461306.0,unique_available_candidate
461420,C575940,1,461300.0,unique_available_candidate
461859,C575953,0,,unmatched
461860,C575953,1,411369.0,unique_available_candidate
462122,C575962,0,,unmatched
462123,C575963,0,,unmatched
462528,C575980,0,,unmatched
462529,C575980,0,,unmatched
462530,C575980,0,,unmatched
462531,C575980,1,325312.0,unique_available_candidate
463819,C576072,1,337596.0,unique_available_candidate
464520,C576108,1,399866.0,unique_available_candidate
464806,C576183,1,162980.0,unique_available_candidate
464807,C576183,1,163029.0,unique_available_candidate
464973,C576194,0,,unmatched
464974,C576195,14,341020.0,multiple_available_candidates
464985,C576197,0,,unmatched
464995,C576199,0,,unmatched
464996,C576199,0,,unmatched
464997,C576199,1,418117.0,unique_available_candidate
465284,C576216,0,,unmatched
465285,C576216,0,,unmatched
465286,C576216,1,349135.0,unique_available_candidate
465287,C576216,0,,unmatched
465288,C576216,2,394981.0,multiple_available_candidates
465289,C576216,1,426825.0,unique_available_candidate
465290,C576218,0,,unmatched
465330,C576223,0,,unmatched
465331,C576223,0,,unmatched
465332,C576223,1,421018.0,unique_available_candidate
465341,C576226,0,,unmatched
465342,C576226,0,,unmatched
465343,C576227,0,,unmatched
465344,C576227,0,,unmatched
465413,C576229,0,,unmatched
465414,C576230,0,,unmatched
465415,C576230,1,423585.0,unique_available_candidate
465416,C576230,2,423657.0,multiple_available_candidates
465417,C576230,2,423608.0,multiple_available_candidates
465418,C576231,0,,unmatched
465419,C576231,0,,unmatched
465420,C576231,0,,unmatched
465421,C576232,1,443522.0,unique_available_candidate
465422,C576232,0,,unmatched
465423,C576233,0,,unmatched
465425,C576235,1,441702.0,unique_available_candidate
465517,C576240,1,422468.0,unique_available_candidate
465518,C576241,0,,unmatched
465519,C576241,0,,unmatched
465520,C576241,0,,unmatched
465521,C576242,0,,unmatched
465522,C576243,0,,unmatched
465523,C576243,0,,unmatched
465524,C576243,0,,unmatched
465548,C576244,0,,unmatched
465614,C576247,0,,unmatched
465615,C576247,0,,unmatched
465616,C576247,0,,unmatched
465617,C576247,0,,unmatched
465695,C576248,0,,unmatched
465696,C576248,1,448994.0,unique_available_candidate
466258,C576324,0,,unmatched
466259,C576324,0,,unmatched
466260,C576324,0,,unmatched
466261,C576324,0,,unmatched
466262,C576324,2,55893.0,multiple_available_candidates
466263,C576325,1,367691.0,unique_available_candidate
467437,C576338,0,,unmatched
467479,C576348,0,,unmatched
467480,C576348,0,,unmatched
467489,C576350,0,,unmatched
467605,C576360,1,398880.0,unique_available_candidate
467631,C576363,0,,unmatched
467903,C576375,1,345273.0,unique_available_candidate
467904,C576375,1,345272.0,unique_available_candidate
467905,C576375,1,345271.0,unique_available_candidate
468154,C576393,0,,unmatched
468155,C576393,0,,unmatched
468175,C576397,1,438705.0,unique_available_candidate
468223,C576401,0,,unmatched
468224,C576402,0,,unmatched
468281,C576409,1,425481.0,unique_available_candidate
468577,C576515,1,468571.0,unique_available_candidate
468949,C576561,0,,unmatched
468950,C576561,1,138.0,unique_available_candidate
468951,C576561,1,424631.0,unique_available_candidate
468952,C576561,0,,unmatched
468953,C576561,0,,unmatched
468954,C576561,1,59545.0,unique_available_candidate
468955,C576561,1,362548.0,unique_available_candidate
468956,C576561,2,201103.0,multiple_available_candidates
468957,C576561,2,452089.0,multiple_available_candidates
468958,C576561,1,373447.0,unique_available_candidate
468959,C576561,0,,unmatched
468960,C576561,0,,unmatched
468961,C576561,5,171664.0,multiple_available_candidates
469000,C576565,1,468780.0,unique_available_candidate
469103,C576576,0,,unmatched
471684,C576647,1,245609.0,unique_available_candidate
471685,C576647,1,245617.0,unique_available_candidate
472193,C576670,1,179801.0,unique_available_candidate
472194,C576670,0,,unmatched
472195,C576670,0,,unmatched
472196,C576670,0,,unmatched
472197,C576670,0,,unmatched
472198,C576670,2,403912.0,multiple_available_candidates
473229,C576785,1,363830.0,unique_available_candidate
473230,C576785,1,363826.0,unique_available_candidate
473231,C576785,1,363828.0,unique_available_candidate
473232,C576785,1,363827.0,unique_available_candidate
473233,C576785,1,363825.0,unique_available_candidate
473281,C576788,1,446927.0,unique_available_candidate
473311,C576816,16,473283.0,multiple_available_candidates
473389,C576831,1,471157.0,unique_available_candidate
473390,C576831,1,471159.0,unique_available_candidate
473391,C576831,1,471158.0,unique_available_candidate
473392,C576831,1,471160.0,unique_available_candidate
473393,C576831,1,471162.0,unique_available_candidate
473394,C576831,1,471161.0,unique_available_candidate
473395,C576831,1,471156.0,unique_available_candidate
474759,C576850,0,,unmatched
474760,C576850,0,,unmatched
474761,C576850,1,365221.0,unique_available_candidate
474762,C576850,0,,unmatched
474883,C576856,0,,unmatched
474976,C576858,0,,unmatched
474977,C576858,1,399940.0,unique_available_candidate
475207,C576866,1,320612.0,unique_available_candidate
475224,C576868,0,,unmatched
475230,C576870,0,,unmatched
475231,C576871,0,,unmatched
475232,C576871,0,,unmatched
475511,C576898,0,,unmatched
475564,C576903,1,457125.0,unique_available_candidate
475633,C576908,0,,unmatched
475634,C576908,0,,unmatched
475819,C576918,0,,unmatched
475820,C576919,0,,unmatched
475821,C576919,1,375268.0,unique_available_candidate
475846,C576921,1,475810.0,unique_available_candidate
475901,C576925,0,,unmatched
475902,C576925,3,419869.0,multiple_available_candidates
476236,C576968,0,,unmatched
476237,C576968,0,,unmatched
476238,C576968,0,,unmatched
476239,C576968,0,,unmatched
476240,C576968,0,,unmatched
476241,C576968,0,,unmatched
476242,C576968,0,,unmatched
476243,C576968,2,305445.0,multiple_available_candidates
476244,C576968,0,,unmatched
476245,C576974,0,,unmatched
476246,C576974,0,,unmatched
476972,C577040,1,461550.0,unique_available_candidate
476974,C577042,0,,unmatched
476975,C577042,0,,unmatched
477662,C577066,1,476631.0,unique_available_candidate
477668,C577070,1,237166.0,unique_available_candidate
477726,C577073,0,,unmatched
477785,C577075,1,284963.0,unique_available_candidate
478439,C577081,0,,unmatched
478649,C577096,0,,unmatched
479082,C577131,1,479081.0,unique_available_candidate
479168,C577147,0,,unmatched
479169,C577147,0,,unmatched
479170,C577147,0,,unmatched
479180,C577149,0,,unmatched
479181,C577149,0,,unmatched
479276,C577151,0,,unmatched
479277,C577151,0,,unmatched
479302,C577153,0,,unmatched
479303,C577153,1,455643.0,unique_available_candidate
479304,C577153,0,,unmatched
479305,C577153,0,,unmatched
479306,C577153,0,,unmatched
479307,C577154,0,,unmatched
479423,C577159,0,,unmatched
479424,C577159,0,,unmatched
479425,C577159,1,88194.0,unique_available_candidate
479426,C577159,0,,unmatched
479475,C577163,0,,unmatched
479476,C577164,0,,unmatched
479813,C577196,1,380399.0,unique_available_candidate
479814,C577196,0,,unmatched
479815,C577196,0,,unmatched
479816,C577196,1,380400.0,unique_available_candidate
479817,C577196,1,380398.0,unique_available_candidate
479818,C577196,0,,unmatched
479866,C577227,0,,unmatched
479867,C577227,0,,unmatched
479868,C577227,0,,unmatched
479869,C577227,0,,unmatched
480915,C577323,0,,unmatched
480942,C577327,1,269980.0,unique_available_candidate
480961,C577330,0,,unmatched
480962,C577330,0,,unmatched
480963,C577330,0,,unmatched
481152,C577342,0,,unmatched
481153,C577343,0,,unmatched
481164,C577345,0,,unmatched
481165,C577346,0,,unmatched
481174,C577348,0,,unmatched
481175,C577349,1,266747.0,unique_available_candidate
481176,C577350,0,,unmatched
481177,C577350,0,,unmatched
481178,C577350,0,,unmatched
481179,C577351,0,,unmatched
481180,C577351,0,,unmatched
481181,C577351,0,,unmatched
481188,C577353,1,383505.0,unique_available_candidate
481189,C577354,0,,unmatched
481873,C577360,1,475213.0,unique_available_candidate
481875,C577362,1,446650.0,unique_available_candidate
481876,C577363,0,,unmatched
481877,C577364,1,448049.0,unique_available_candidate
481894,C577369,0,,unmatched
481895,C577375,0,,unmatched
481896,C577375,0,,unmatched
481897,C577381,0,,unmatched
481898,C577381,0,,unmatched
481902,C577383,0,,unmatched
481903,C577383,0,,unmatched
481904,C577383,0,,unmatched
481905,C577384,0,,unmatched
481906,C577385,0,,unmatched
481907,C577385,0,,unmatched
481908,C577386,0,,unmatched
481910,C577388,12,481228.0,multiple_available_candidates
481911,C577388,0,,unmatched
481912,C577388,0,,unmatched
481913,C577388,0,,unmatched
481914,C577388,0,,unmatched
481915,C577388,0,,unmatched
481916,C577388,3,387771.0,multiple_available_candidates
481917,C577388,0,,unmatched
481918,C577388,0,,unmatched
481919,C577388,0,,unmatched
481920,C577389,0,,unmatched
481921,C577390,0,,unmatched
481922,C577391,0,,unmatched
481923,C577391,0,,unmatched
481924,C577392,1,461230.0,unique_available_candidate
481947,C577394,0,,unmatched
481948,C577394,0,,unmatched
481949,C577394,0,,unmatched
481950,C577394,0,,unmatched
481951,C577395,0,,unmatched
481952,C577395,0,,unmatched
481953,C577395,0,,unmatched
481965,C577397,0,,unmatched
481966,C577397,0,,unmatched
481967,C577397,0,,unmatched
481968,C577398,0,,unmatched
481969,C577398,0,,unmatched
481970,C577399,0,,unmatched
482665,C577481,5,385284.0,multiple_available_candidates
482975,C577486,1,345738.0,unique_available_candidate
483840,C577509,1,483640.0,unique_available_candidate
483900,C577513,0,,unmatched
483901,C577513,1,483420.0,unique_available_candidate
483902,C577513,2,483395.0,multiple_available_candidates
484960,C577547,7,462628.0,multiple_available_candidates
484961,C577547,2,365700.0,multiple_available_candidates
484962,C577547,5,402394.0,multiple_available_candidates
484963,C577547,6,434176.0,multiple_available_candidates
484964,C577547,1,472113.0,unique_available_candidate
484965,C577547,6,300887.0,multiple_available_candidates
484966,C577547,13,479644.0,multiple_available_candidates
484967,C577547,2,345398.0,multiple_available_candidates
484968,C577547,5,440784.0,multiple_available_candidates
484969,C577547,8,448720.0,multiple_available_candidates
484970,C577547,1,413129.0,unique_available_candidate
485645,C577614,1,480914.0,unique_available_candidate
485789,C577683,0,,unmatched
485826,C577688,0,,unmatched
485890,C577692,0,,unmatched
485891,C577692,0,,unmatched
485892,C577692,0,,unmatched
485893,C577693,0,,unmatched
485894,C577693,0,,unmatched
486241,C577722,0,,unmatched
486437,C577731,0,,unmatched
486508,C577737,4,467576.0,multiple_available_candidates
486509,C577737,1,460609.0,unique_available_candidate
486510,C577737,2,467575.0,multiple_available_candidates
486511,C577737,1,460611.0,unique_available_candidate
486512,C577737,1,460610.0,unique_available_candidate
486513,C577737,3,467577.0,multiple_available_candidates
486514,C577737,1,460617.0,unique_available_candidate
486515,C577737,1,460606.0,unique_available_candidate
486516,C577737,2,467574.0,multiple_available_candidates
486517,C577737,2,467571.0,multiple_available_candidates
486518,C577737,2,467573.0,multiple_available_candidates
486519,C577737,1,460616.0,unique_available_candidate
486520,C577737,1,460612.0,unique_available_candidate
486521,C577737,3,467572.0,multiple_available_candidates
486856,C577750,0,,unmatched
486857,C577750,0,,unmatched
486898,C577752,0,,unmatched
486899,C577752,0,,unmatched
486900,C577752,0,,unmatched
486901,C577753,0,,unmatched
487712,C577775,1,452568.0,unique_available_candidate
487713,C577775,1,452569.0,unique_available_candidate
487714,C577775,1,452570.0,unique_available_candidate
487787,C577779,0,,unmatched
487788,C577779,0,,unmatched
487789,C577779,0,,unmatched
487791,C577781,0,,unmatched
487973,C577786,0,,unmatched
487974,C577786,0,,unmatched
488179,C577799,1,473422.0,unique_available_candidate
488379,C577815,0,,unmatched
488408,C577817,0,,unmatched
488409,C577817,0,,unmatched
488420,C577819,0,,unmatched
488421,C577819,0,,unmatched
488422,C577819,0,,unmatched
488423,C577819,0,,unmatched
488431,C577821,0,,unmatched
488432,C577821,0,,unmatched
488490,C577828,0,,unmatched
488515,C577832,1,453565.0,unique_available_candidate
488516,C577832,1,453557.0,unique_available_candidate
488517,C577832,1,453561.0,unique_available_candidate
488518,C577832,1,453560.0,unique_available_candidate
488519,C577832,1,453559.0,unique_available_candidate
488520,C577832,1,453558.0,unique_available_candidate
488521,C577832,1,453562.0,unique_available_candidate
488522,C577832,1,453567.0,unique_available_candidate
488523,C577832,1,453564.0,unique_available_candidate
488524,C577832,1,453563.0,unique_available_candidate
488525,C577832,1,453566.0,unique_available_candidate
488595,C577839,0,,unmatched
488721,C577849,0,,unmatched
488722,C577849,2,378496.0,multiple_available_candidates
488723,C577849,0,,unmatched
489047,C577889,1,473446.0,unique_available_candidate
489048,C577892,0,,unmatched
489244,C578003,0,,unmatched
489288,C578007,0,,unmatched
489289,C578007,0,,unmatched
489290,C578007,0,,unmatched
489291,C578007,0,,unmatched
490090,C578039,0,,unmatched
490505,C578061,0,,unmatched
490506,C578062,0,,unmatched
490507,C578062,3,312645.0,multiple_available_candidates
490508,C578062,0,,unmatched
491732,C578073,0,,unmatched
491733,C578073,0,,unmatched
491886,C578076,0,,unmatched
491887,C578077,0,,unmatched
492135,C578090,2,425673.0,multiple_available_candidates
492201,C578097,0,,unmatched
492202,C578097,0,,unmatched
492203,C578097,0,,unmatched
492204,C578097,0,,unmatched
492205,C578097,0,,unmatched
492206,C578097,0,,unmatched
492207,C578097,0,,unmatched
492367,C578110,0,,unmatched
492368,C578110,0,,unmatched
492369,C578110,0,,unmatched
492496,C578122,1,492254.0,unique_available_candidate
492498,C578124,0,,unmatched
492499,C578124,1,71654.0,unique_available_candidate
492500,C578124,0,,unmatched
492501,C578124,0,,unmatched
492502,C578124,0,,unmatched
492503,C578124,0,,unmatched
492504,C578124,0,,unmatched
492505,C578124,0,,unmatched
492506,C578124,0,,unmatched
492507,C578124,0,,unmatched
492508,C578124,0,,unmatched
492509,C578124,0,,unmatched
492584,C578131,0,,unmatched
492585,C578132,0,,unmatched
492596,C578136,0,,unmatched
492597,C578136,0,,unmatched
492598,C578136,0,,unmatched
492599,C578136,0,,unmatched
492643,C578142,0,,unmatched
492655,C578144,0,,unmatched
492656,C578144,0,,unmatched
492657,C578144,0,,unmatched
492658,C578144,1,481985.0,unique_available_candidate
493038,C578148,0,,unmatched
493163,C578164,0,,unmatched
493613,C578239,0,,unmatched
493996,C578257,1,493887.0,unique_available_candidate
494057,C578259,1,493748.0,unique_available_candidate
494745,C578269,0,,unmatched
494784,C578274,2,475502.0,multiple_available_candidates
494785,C578274,0,,unmatched
494786,C578274,0,,unmatched
494787,C578274,0,,unmatched
494788,C578274,0,,unmatched
494823,C578276,0,,unmatched
494824,C578276,0,,unmatched
494825,C578276,0,,unmatched
494826,C578276,0,,unmatched
494827,C578276,0,,unmatched
494828,C578276,0,,unmatched
494829,C578276,0,,unmatched
494830,C578276,0,,unmatched
494924,C578280,7,379097.0,multiple_available_candidates
494925,C578280,0,,unmatched
494926,C578280,0,,unmatched
494927,C578280,12,479679.0,multiple_available_candidates
494928,C578280,2,328272.0,multiple_available_candidates
494936,C578282,7,462681.0,multiple_available_candidates
495932,C578342,2,493851.0,multiple_available_candidates
497258,C578355,0,,unmatched
497259,C578355,0,,unmatched
497260,C578355,0,,unmatched
497261,C578355,0,,unmatched
497332,C578363,4,497288.0,multiple_available_candidates
497333,C578363,3,497290.0,multiple_available_candidates
497334,C578363,3,497291.0,multiple_available_candidates
497335,C578363,1,497287.0,unique_available_candidate
497336,C578363,1,497286.0,unique_available_candidate
497337,C578363,1,497284.0,unique_available_candidate
497338,C578363,3,497289.0,multiple_available_candidates
497339,C578363,3,497292.0,multiple_available_candidates
497340,C578363,1,497294.0,unique_available_candidate
497341,C578363,1,497285.0,unique_available_candidate
497342,C578363,1,497283.0,unique_available_candidate
497343,C578363,1,497293.0,unique_available_candidate
497387,C578367,1,468818.0,unique_available_candidate
497388,C578367,1,468817.0,unique_available_candidate
497389,C578367,1,468823.0,unique_available_candidate
497390,C578367,1,468820.0,unique_available_candidate
497391,C578368,1,406041.0,unique_available_candidate
497443,C578371,1,332006.0,unique_available_candidate
497444,C578371,1,274087.0,unique_available_candidate
497445,C578371,1,274088.0,unique_available_candidate
497446,C578371,0,,unmatched
497447,C578371,0,,unmatched
497448,C578371,0,,unmatched
497449,C578371,0,,unmatched
497450,C578371,0,,unmatched
497451,C578371,0,,unmatched
497452,C578371,0,,unmatched
497453,C578371,0,,unmatched
497454,C578371,0,,unmatched
497455,C578371,0,,unmatched
497456,C578371,0,,unmatched
497457,C578371,0,,unmatched
497458,C578371,0,,unmatched
497459,C578371,0,,unmatched
497460,C578371,0,,unmatched
497461,C578371,0,,unmatched
497462,C578371,0,,unmatched
497463,C578371,0,,unmatched
497464,C578371,2,192973.0,multiple_available_candidates
497465,C578371,1,141423.0,unique_available_candidate
497495,C578377,1,185833.0,unique_available_candidate
497496,C578377,1,185831.0,unique_available_candidate
497497,C578377,1,185832.0,unique_available_candidate
497633,C578432,0,,unmatched
499420,C578669,0,,unmatched
499421,C578669,3,483116.0,multiple_available_candidates
499428,C578673,0,,unmatched
500162,C578743,8,421479.0,multiple_available_candidates
500536,C578784,0,,unmatched
500690,C578803,3,480165.0,multiple_available_candidates
500691,C578803,0,,unmatched
501789,C578832,0,,unmatched
501790,C578832,0,,unmatched
501791,C578832,0,,unmatched
501792,C578832,0,,unmatched
501793,C578832,0,,unmatched
501794,C578832,0,,unmatched
501795,C578832,0,,unmatched
501796,C578832,0,,unmatched
501797,C578832,0,,unmatched
501798,C578832,1,259928.0,unique_available_candidate
501799,C578832,1,259930.0,unique_available_candidate
501800,C578832,0,,unmatched
501801,C578832,1,132407.0,unique_available_candidate
501802,C578832,0,,unmatched
501803,C578832,0,,unmatched
501804,C578832,0,,unmatched
501805,C578832,0,,unmatched
501806,C578832,1,259931.0,unique_available_candidate
501807,C578832,0,,unmatched
501808,C578832,0,,unmatched
501809,C578832,0,,unmatched
501810,C578832,0,,unmatched
501811,C578832,0,,unmatched
503687,C578932,0,,unmatched
503688,C578932,0,,unmatched
504693,C578991,0,,unmatched
504694,C578991,0,,unmatched
504695,C578991,0,,unmatched
504696,C578991,0,,unmatched
504697,C578991,0,,unmatched
504698,C578991,0,,unmatched
504699,C578991,1,371265.0,unique_available_candidate
504700,C578991,1,230122.0,unique_available_candidate
505375,C579018,0,,unmatched
505541,C579090,1,479095.0,unique_available_candidate
505593,C579092,1,492555.0,unique_available_candidate
505594,C579092,0,,unmatched
506158,C579127,0,,unmatched
506374,C579140,1,179802.0,unique_available_candidate
506375,C579140,0,,unmatched
506376,C579140,0,,unmatched
506377,C579140,0,,unmatched
506378,C579140,0,,unmatched
507248,C579169,0,,unmatched
507288,C579172,5,507216.0,multiple_available_candidates
507365,C579178,1,423970.0,unique_available_candidate
507366,C579178,1,423972.0,unique_available_candidate
507367,C579178,1,423971.0,unique_available_candidate
507406,C579186,1,475244.0,unique_available_candidate
507999,C579192,2,507996.0,multiple_available_candidates
508000,C579192,1,507997.0,unique_available_candidate
508001,C579192,1,507994.0,unique_available_candidate
508002,C579192,1,507992.0,unique_available_candidate
508003,C579192,2,507989.0,multiple_available_candidates
508004,C579192,1,507993.0,unique_available_candidate
508005,C579192,1,507995.0,unique_available_candidate
508006,C579192,1,507991.0,unique_available_candidate
508007,C579192,1,507990.0,unique_available_candidate
508561,C579195,0,,unmatched
508707,C579266,1,507392.0,unique_available_candidate
508840,C579277,0,,unmatched
509532,C579347,1,464984.0,unique_available_candidate
509533,C579347,1,464975.0,unique_available_candidate
509534,C579347,0,,unmatched
509535,C579347,0,,unmatched
509585,C579366,0,,unmatched
510077,C579415,0,,unmatched
510163,C579431,1,290210.0,unique_available_candidate
510221,C579438,1,249924.0,unique_available_candidate
511389,C579496,0,,unmatched
511481,C579502,0,,unmatched
512879,C579519,1,512866.0,unique_available_candidate
512927,C579521,1,512883.0,unique_available_candidate
512928,C579521,2,512910.0,multiple_available_candidates
512929,C579521,2,512880.0,multiple_available_candidates
513076,C579532,3,427834.0,multiple_available_candidates
513077,C579532,1,497174.0,unique_available_candidate
513339,C579547,0,,unmatched
513448,C579554,0,,unmatched
513449,C579554,0,,unmatched
513788,C579562,0,,unmatched
513789,C579562,0,,unmatched
514563,C579710,0,,unmatched
514652,C579739,0,,unmatched
514653,C579739,0,,unmatched
514801,C579746,0,,unmatched
514836,C579748,0,,unmatched
514939,C579752,0,,unmatched
514940,C579752,0,,unmatched
514941,C579753,1,488195.0,unique_available_candidate
514982,C579756,0,,unmatched
514983,C579756,0,,unmatched
514984,C579757,0,,unmatched
514985,C579758,0,,unmatched
514989,C579760,0,,unmatched
514990,C579764,0,,unmatched
514991,C579764,0,,unmatched
515001,C579766,1,499775.0,unique_available_candidate
515002,C579776,0,,unmatched
515690,C579778,0,,unmatched
515695,C579780,0,,unmatched
515696,C579781,0,,unmatched
515697,C579781,1,497480.0,unique_available_candidate
515698,C579782,0,,unmatched
515699,C579783,1,499340.0,unique_available_candidate
515708,C579785,0,,unmatched
515709,C579785,0,,unmatched
515710,C579785,0,,unmatched
515711,C579785,0,,unmatched
515712,C579785,0,,unmatched
515943,C579791,1,410643.0,unique_available_candidate
516073,C579864,1,488304.0,unique_available_candidate
516082,C579866,0,,unmatched
516138,C579869,1,495675.0,unique_available_candidate
516170,C579871,0,,unmatched
516172,C579876,0,,unmatched
516173,C579876,0,,unmatched
516174,C579877,0,,unmatched
516175,C579877,0,,unmatched
516176,C579877,0,,unmatched
516177,C579877,0,,unmatched
516178,C579878,0,,unmatched
516179,C579878,0,,unmatched
516180,C579878,0,,unmatched
516181,C579878,0,,unmatched
516182,C579878,0,,unmatched
516183,C579878,0,,unmatched
516184,C579878,0,,unmatched
516185,C579878,0,,unmatched
516186,C579878,0,,unmatched
516187,C579878,0,,unmatched
516217,C579882,0,,unmatched
516218,C579882,0,,unmatched
516219,C579883,0,,unmatched
516220,C579883,3,485747.0,multiple_available_candidates
516221,C579884,0,,unmatched
516369,C579886,0,,unmatched
516370,C579886,0,,unmatched
516371,C579886,0,,unmatched
516372,C579886,0,,unmatched
516373,C579886,0,,unmatched
516374,C579886,0,,unmatched
516375,C579886,0,,unmatched
516376,C579886,1,440437.0,unique_available_candidate
516377,C579886,1,440436.0,unique_available_candidate
516378,C579886,0,,unmatched
516379,C579886,0,,unmatched
516380,C579886,0,,unmatched
516381,C579887,0,,unmatched
516382,C579887,0,,unmatched
516383,C579887,0,,unmatched
516384,C579889,0,,unmatched
516385,C579890,0,,unmatched
516386,C579890,0,,unmatched
516387,C579890,0,,unmatched
516388,C579891,1,495121.0,unique_available_candidate
516389,C579891,0,,unmatched
516390,C579892,1,460669.0,unique_available_candidate
516391,C579893,7,488055.0,multiple_available_candidates
516392,C579894,0,,unmatched
516393,C579894,0,,unmatched
516394,C579894,0,,unmatched
516395,C579895,0,,unmatched
516396,C579896,0,,unmatched
516397,C579897,0,,unmatched
516398,C579897,0,,unmatched
516399,C579897,0,,unmatched
516400,C579897,0,,unmatched
516401,C579898,0,,unmatched
516402,C579898,0,,unmatched
516444,C579902,0,,unmatched
516445,C579902,0,,unmatched
516446,C579902,1,442695.0,unique_available_candidate
516447,C579902,0,,unmatched
516448,C579903,0,,unmatched
516449,C579904,1,480587.0,unique_available_candidate
516450,C579904,4,480586.0,multiple_available_candidates
516451,C579904,4,480588.0,multiple_available_candidates
516452,C579905,0,,unmatched
516453,C579906,0,,unmatched
516454,C579907,0,,unmatched
516455,C579908,0,,unmatched
516485,C579911,0,,unmatched
516486,C579911,0,,unmatched
516487,C579912,0,,unmatched
516488,C579913,0,,unmatched
516489,C579914,0,,unmatched
516490,C579914,0,,unmatched
516491,C579915,0,,unmatched
516496,C579918,0,,unmatched
516497,C579919,0,,unmatched
516514,C579923,0,,unmatched
516515,C579924,0,,unmatched
516516,C579925,0,,unmatched
516517,C579926,0,,unmatched
516518,C579926,0,,unmatched
516519,C579926,0,,unmatched
516520,C579926,0,,unmatched
516521,C579926,0,,unmatched
516522,C579926,0,,unmatched
516523,C579926,0,,unmatched
516524,C579926,0,,unmatched
516549,C579928,0,,unmatched
516550,C579929,1,308096.0,unique_available_candidate
516551,C579929,0,,unmatched
516552,C579929,0,,unmatched
516553,C579929,0,,unmatched
516554,C579929,0,,unmatched
516555,C579930,0,,unmatched
516556,C579930,0,,unmatched
516557,C579931,2,393181.0,multiple_available_candidates
516558,C579932,0,,unmatched
516559,C579933,0,,unmatched
516560,C579934,0,,unmatched
516561,C579935,0,,unmatched
516733,C579944,1,175378.0,unique_available_candidate
516734,C579944,1,462127.0,unique_available_candidate
516735,C579945,1,420892.0,unique_available_candidate
516736,C579945,0,,unmatched
516737,C579945,1,465851.0,unique_available_candidate
516738,C579945,0,,unmatched
516774,C579948,0,,unmatched
516775,C579948,0,,unmatched
516776,C579948,0,,unmatched
516813,C579968,0,,unmatched
516814,C579968,0,,unmatched
516815,C579970,1,510240.0,unique_available_candidate
516816,C579970,0,,unmatched
516817,C579970,0,,unmatched
516859,C579989,0,,unmatched
516860,C579989,0,,unmatched
516896,C579992,0,,unmatched
517446,C580056,0,,unmatched
517653,C580072,0,,unmatched
517898,C580099,0,,unmatched
518994,C580131,0,,unmatched
518995,C580131,1,518923.0,unique_available_candidate
518996,C580131,1,518948.0,unique_available_candidate
519704,C580161,0,,unmatched
519796,C580165,0,,unmatched
519797,C580165,0,,unmatched
519798,C580165,0,,unmatched
519799,C580165,0,,unmatched
519817,C580168,0,,unmatched
519818,C580168,0,,unmatched
519819,C580168,0,,unmatched
519820,C580168,0,,unmatched
519823,C580171,1,519821.0,unique_available_candidate
519831,C580174,2,519830.0,multiple_available_candidates
519855,C580179,0,,unmatched
519856,C580179,0,,unmatched
519857,C580179,0,,unmatched
519858,C580180,0,,unmatched
519859,C580180,0,,unmatched
519860,C580180,0,,unmatched
520133,C580263,0,,unmatched
520134,C580263,0,,unmatched
520135,C580263,1,391589.0,unique_available_candidate
520136,C580263,1,391610.0,unique_available_candidate
520137,C580263,1,391598.0,unique_available_candidate
520138,C580263,1,391597.0,unique_available_candidate
520139,C580263,1,391596.0,unique_available_candidate
520140,C580263,1,391590.0,unique_available_candidate
520141,C580263,1,391443.0,unique_available_candidate
520142,C580263,1,391425.0,unique_available_candidate
520143,C580263,0,,unmatched
521098,C580312,1,517813.0,unique_available_candidate
521099,C580312,1,517785.0,unique_available_candidate
521100,C580312,1,517784.0,unique_available_candidate
521101,C580312,1,517786.0,unique_available_candidate
521102,C580312,1,517787.0,unique_available_candidate
521103,C580312,1,517788.0,unique_available_candidate
521104,C580313,0,,unmatched
521105,C580313,0,,unmatched
521106,C580313,0,,unmatched
521107,C580313,0,,unmatched
521108,C580313,0,,unmatched
522247,C580392,1,371632.0,unique_available_candidate
523337,C580507,0,,unmatched
523338,C580507,0,,unmatched
523375,C580510,1,285080.0,unique_available_candidate
523865,C580522,0,,unmatched
524513,C580597,1,482940.0,unique_available_candidate
524514,C580597,0,,unmatched
524601,C580604,0,,unmatched
524602,C580605,0,,unmatched
525953,C580641,0,,unmatched
526105,C580649,0,,unmatched
526968,C580686,1,307636.0,unique_available_candidate
526969,C580686,1,307607.0,unique_available_candidate
526970,C580686,1,307593.0,unique_available_candidate
526971,C580686,0,,unmatched
526972,C580686,1,307604.0,unique_available_candidate
527302,C580698,4,518977.0,multiple_available_candidates
527312,C580701,0,,unmatched
527314,C580702,2,527313.0,multiple_available_candidates
527315,C580703,0,,unmatched
527316,C580703,0,,unmatched
527352,C580707,0,,unmatched
527355,C580708,0,,unmatched
527356,C580710,0,,unmatched
527357,C580710,0,,unmatched
527358,C580711,0,,unmatched
527359,C580711,1,495340.0,unique_available_candidate
527360,C580711,0,,unmatched
527381,C580714,0,,unmatched
527382,C580714,0,,unmatched
528087,C580726,0,,unmatched
529658,C580740,1,506729.0,unique_available_candidate
529659,C580740,0,,unmatched
529660,C580741,0,,unmatched
529661,C580741,1,489800.0,unique_available_candidate
529694,C580747,0,,unmatched
529699,C580749,2,474982.0,multiple_available_candidates
529700,C580749,2,474983.0,multiple_available_candidates
529776,C580751,2,497872.0,multiple_available_candidates
529777,C580751,2,497894.0,multiple_available_candidates
529971,C580761,0,,unmatched
529972,C580761,0,,unmatched
529973,C580761,0,,unmatched
529974,C580762,0,,unmatched
529975,C580762,0,,unmatched
529976,C580762,0,,unmatched
529977,C580762,0,,unmatched
529980,C580764,2,454348.0,multiple_available_candidates
529981,C580764,1,454319.0,unique_available_candidate
529983,C580766,0,,unmatched
529984,C580766,1,345293.0,unique_available_candidate
529985,C580766,1,100185.0,unique_available_candidate
529986,C580766,1,221774.0,unique_available_candidate
529987,C580767,0,,unmatched
529988,C580768,1,505504.0,unique_available_candidate
529989,C580769,0,,unmatched
529990,C580770,0,,unmatched
530066,C580773,8,498319.0,multiple_available_candidates
530085,C580805,2,383824.0,multiple_available_candidates
530179,C580821,0,,unmatched
530204,C580826,0,,unmatched
530205,C580826,0,,unmatched
530273,C580832,0,,unmatched
530274,C580832,0,,unmatched
530275,C580832,0,,unmatched
530276,C580832,0,,unmatched
530277,C580832,0,,unmatched
530278,C580832,0,,unmatched
530279,C580832,0,,unmatched
530280,C580832,0,,unmatched
530911,C580886,0,,unmatched
531293,C580912,2,479821.0,multiple_available_candidates
531294,C580913,0,,unmatched
531349,C580917,0,,unmatched
531350,C580917,0,,unmatched
531351,C580917,0,,unmatched
531352,C580918,5,499688.0,multiple_available_candidates
531353,C580919,0,,unmatched
531354,C580919,1,461522.0,unique_available_candidate
531355,C580919,0,,unmatched
531356,C580919,0,,unmatched
531357,C580919,1,461540.0,unique_available_candidate
531358,C580919,0,,unmatched
531359,C580919,1,461539.0,unique_available_candidate
531360,C580919,0,,unmatched
531361,C580919,0,,unmatched
531362,C580919,0,,unmatched
531407,C580954,1,5247.0,unique_available_candidate
531408,C580954,0,,unmatched
531409,C580954,0,,unmatched
531410,C580954,0,,unmatched
531411,C580954,0,,unmatched
531412,C580954,0,,unmatched
531413,C580954,0,,unmatched
531414,C580954,0,,unmatched
531415,C580954,0,,unmatched
531416,C580954,0,,unmatched
531417,C580954,0,,unmatched
531418,C580954,0,,unmatched
531419,C580954,0,,unmatched
531616,C580957,0,,unmatched
531778,C580966,1,424917.0,unique_available_candidate
531779,C580966,0,,unmatched
531780,C580966,1,424928.0,unique_available_candidate
531781,C580966,1,424922.0,unique_available_candidate
531782,C580966,0,,unmatched
531783,C580966,0,,unmatched
531784,C580966,0,,unmatched
531785,C580966,0,,unmatched
531786,C580966,0,,unmatched
531787,C580966,0,,unmatched
531794,C580968,1,423026.0,unique_available_candidate
531795,C580968,1,423024.0,unique_available_candidate
531796,C580968,1,423025.0,unique_available_candidate
531797,C580968,1,423019.0,unique_available_candidate
531798,C580968,1,423017.0,unique_available_candidate
531799,C580968,0,,unmatched
531800,C580968,1,423016.0,unique_available_candidate
531801,C580968,1,423021.0,unique_available_candidate
531802,C580968,1,423015.0,unique_available_candidate
531803,C580968,1,423022.0,unique_available_candidate
531804,C580968,1,423020.0,unique_available_candidate
531805,C580968,1,423023.0,unique_available_candidate
531806,C580968,1,423027.0,unique_available_candidate
531807,C580968,1,423028.0,unique_available_candidate
531808,C580968,1,423018.0,unique_available_candidate
531816,C580970,0,,unmatched
531817,C580971,0,,unmatched
531818,C580971,0,,unmatched
531819,C580971,0,,unmatched
532722,C580989,0,,unmatched
533082,C581009,0,,unmatched
533104,C581012,0,,unmatched
533105,C581012,0,,unmatched
533604,C581071,0,,unmatched
533691,C581100,0,,unmatched
533740,C581106,0,,unmatched
533832,C581117,0,,unmatched
533833,C581117,0,,unmatched
533834,C581117,0,,unmatched
533835,C581117,0,,unmatched
533836,C581117,1,506972.0,unique_available_candidate
533837,C581117,0,,unmatched
533838,C581117,0,,unmatched
533864,C581121,0,,unmatched
533915,C581124,0,,unmatched
534009,C581128,0,,unmatched
534308,C581145,0,,unmatched
534309,C581145,1,382688.0,unique_available_candidate
534310,C581145,0,,unmatched
534311,C581145,0,,unmatched
534474,C581148,0,,unmatched
534475,C581148,0,,unmatched
534476,C581148,0,,unmatched
534477,C581148,0,,unmatched
534478,C581148,0,,unmatched
534479,C581148,0,,unmatched
534565,C581162,0,,unmatched
534964,C581178,2,534724.0,multiple_available_candidates
534965,C581178,2,534699.0,multiple_available_candidates
536911,C581228,0,,unmatched
536912,C581228,0,,unmatched
536913,C581228,2,139428.0,multiple_available_candidates
536914,C581228,0,,unmatched
536915,C581228,2,91427.0,multiple_available_candidates
536916,C581229,1,519636.0,unique_available_candidate
536917,C581229,1,519640.0,unique_available_candidate
536918,C581229,1,519638.0,unique_available_candidate
536919,C581229,1,519639.0,unique_available_candidate
536920,C581229,1,519635.0,unique_available_candidate
536921,C581229,1,519637.0,unique_available_candidate
536922,C581229,1,519641.0,unique_available_candidate
536923,C581229,1,519634.0,unique_available_candidate
536924,C581229,1,519644.0,unique_available_candidate
536925,C581229,1,519643.0,unique_available_candidate
536926,C581229,1,519642.0,unique_available_candidate
536982,C581235,0,,unmatched
536983,C581235,1,448005.0,unique_available_candidate
536984,C581235,1,447996.0,unique_available_candidate
536985,C581235,0,,unmatched
536986,C581235,1,448010.0,unique_available_candidate
537496,C581305,0,,unmatched
537497,C581305,0,,unmatched
537570,C581316,1,483895.0,unique_available_candidate
537571,C581316,0,,unmatched
537572,C581316,0,,unmatched
537573,C581322,0,,unmatched
537574,C581322,0,,unmatched
537601,C581323,0,,unmatched
537614,C581330,1,537597.0,unique_available_candidate
537615,C581330,1,537596.0,unique_available_candidate
538063,C581384,0,,unmatched
538066,C581390,0,,unmatched
538067,C581390,1,505634.0,unique_available_candidate
538068,C581393,0,,unmatched
538555,C581409,0,,unmatched
538556,C581409,0,,unmatched
538557,C581409,0,,unmatched
538558,C581409,0,,unmatched
538559,C581409,0,,unmatched
538560,C581409,0,,unmatched
538561,C581409,1,497773.0,unique_available_candidate
538562,C581409,0,,unmatched
538563,C581409,0,,unmatched
538564,C581409,0,,unmatched
538565,C581409,0,,unmatched
538566,C581409,0,,unmatched
538567,C581409,1,497788.0,unique_available_candidate
540072,C581460,0,,unmatched
540073,C581460,0,,unmatched
540078,C581462,1,459214.0,unique_available_candidate
540079,C581462,1,459198.0,unique_available_candidate
540080,C581463,0,,unmatched
540081,C581464,0,,unmatched
540082,C581464,0,,unmatched
540083,C581465,0,,unmatched
540084,C581465,0,,unmatched
540085,C581465,0,,unmatched
540086,C581465,0,,unmatched
540087,C581466,0,,unmatched
540088,C581466,0,,unmatched
540089,C581466,0,,unmatched
540090,C581466,0,,unmatched
540091,C581466,0,,unmatched
540141,C581468,0,,unmatched
540142,C581468,0,,unmatched
540176,C581470,0,,unmatched
540422,C581484,1,540421.0,unique_available_candidate
540448,C581490,0,,unmatched
540449,C581490,0,,unmatched
541541,C581499,0,,unmatched
541715,C581568,0,,unmatched
541716,C581569,0,,unmatched
541717,C581569,0,,unmatched
